 ,snm_1,snm_2,snm_3,snm_4,snm_5,snm_6,snm_7
RF02913#URS0000D66AA1_12908/1-115#subopt0, 7.16307,0.463769, -2.4993, 1.67267,0.665708,-1.87498,0.399374
RF02913#URS0000D66AA1_12908/1-115#subopt1,  6.49056,-0.255747, -2.01058,  1.83309, 0.861248, -1.77484,  1.22296
RF02913#URS0000D66AA1_12908/1-115#subopt2,  6.9556,0.163906,-1.85746, 1.86579,0.243799, -1.5958,0.367614
RF02913#URS0000D66AA1_12908/1-115#subopt3,  6.93511,0.0450785, -1.95948,  2.31525, 0.444267, -1.94287, 0.706889
RF02913#URS0000D66AA1_12908/1-115#subopt4,   7.18295,  0.298026,  -1.55308,   1.82699,-0.0631339,  -1.52798,  0.350593
RF02913#HF991811.1/50598-50499#subopt0,  5.18506,-0.891933, -2.54562,-0.723543,  1.66849, -1.27025,  1.78466
RF02913#HF991811.1/50598-50499#subopt1,  5.91562,-0.434295, -2.49395, 0.350961, 0.965343, -1.07436,  1.24653
RF02913#HF991811.1/50598-50499#subopt2,   5.5952,-0.443504, -2.88621,-0.856857,  1.85832,-0.912423,  2.03688
RF02913#HF991811.1/50598-50499#subopt3,  6.32146,0.0147347, -2.94144,  0.19673,  1.10203,-0.864979,  1.37946
RF02913#HF991811.1/50598-50499#subopt4,  6.0692,-0.35015, -2.5666,0.854056,0.887767,-1.21141, 1.62446
RF02913#URS0000D6CFA0_12908/1-100#subopt0,   5.76823,  0.434869,-0.0483029,  -1.90838,  0.521763,  -2.10614,  0.802329
RF02913#URS0000D6CFA0_12908/1-100#subopt1,  5.18506,-0.891934, -2.54561,-0.723542,  1.66849, -1.27025,  1.78466
RF02913#URS0000D6CFA0_12908/1-100#subopt2,  5.91562,-0.434297, -2.49395, 0.350958, 0.965343, -1.07436,  1.24653
RF02913#URS0000D6CFA0_12908/1-100#subopt3,   5.5952,-0.443504, -2.88621,-0.856858,  1.85832,-0.912422,  2.03688
RF02913#URS0000D6CFA0_12908/1-100#subopt4,  5.83906,-0.857182,-0.316179,-0.752935,  0.42525,-0.712862,-0.382892
RF02914#URS0000D68A3E_12908/1-36#subopt0,   2.65682,  -2.06409,  -0.28874,-0.0876654,  0.624313, -0.267847, -0.552594
RF02914#URS0000D68A3E_12908/1-36#subopt1,  1.36517,-0.816733, 0.170618,-0.340767,-0.758037,-0.157968, 0.366085
RF02914#URS0000D676FA_12908/1-35#subopt0,   1.34726, -0.771865, -0.129628,0.00909008, -0.207582, -0.761731,  0.253523
RF02914#URS0000D676FA_12908/1-35#subopt1,  2.54748,-0.240184,-0.601985,-0.363681,-0.192564, -1.40256,0.0373171
RF02914#URS0000D676FA_12908/1-35#subopt2,  2.45533,-0.145188,-0.950725,-0.565303, -0.58399,-0.888698, 0.112703
RF02914#URS0000D676FA_12908/1-35#subopt3,  1.41914, -0.83262, 0.105328,-0.536931,-0.843849,-0.295732,-0.464163
RF02914#URS0000D676FA_12908/1-35#subopt4,  2.29118,-0.630288, 0.385283, 0.353003, -1.06423, 0.152056,-0.359625
RF02914#URS0000D67F50_12908/1-35#subopt0,   1.34726, -0.771865, -0.129628,0.00908967, -0.207582, -0.761731,  0.253522
RF02914#URS0000D67F50_12908/1-35#subopt1,      2.5991,   -0.169579,    -0.77724,   -0.452398,   -0.335961,   -0.999539,-1.45245e-05
RF02914#URS0000D67F50_12908/1-35#subopt2,  2.54748,-0.240184,-0.601985,-0.363681,-0.192563, -1.40256,0.0373168
RF02914#URS0000D67F50_12908/1-35#subopt3,  2.45533,-0.145188,-0.950725,-0.565303,-0.583991,-0.888699, 0.112703
RF02914#URS0000D67F50_12908/1-35#subopt4,  1.41914, -0.83262, 0.105328,-0.536931,-0.843848,-0.295732,-0.464163
RF02924#URS0000D691F7_12908/1-83#subopt0,  3.36902, -1.77883,  1.44143, -1.31584,-0.793509,-0.440973,-0.116652
RF02924#URS0000D691F7_12908/1-83#subopt1,   4.07284,  -1.49388,    1.8387, -0.104053,  -1.05085,  0.143495,-0.0835751
RF02924#URS0000D691F7_12908/1-83#subopt2,  3.35779, -1.82863,  1.50388, -1.37699,-0.760022,-0.548225,-0.256272
RF02924#URS0000D691F7_12908/1-83#subopt3,  3.43577, -1.80335,  1.54346, -1.43568, -1.06766,-0.378102, 0.337529
RF02924#URS0000D691F7_12908/1-83#subopt4,   4.59337, -0.373073,  0.317912,  -2.15007,  -1.24502,0.00155099,-0.0689033
RF02924#LBBT01000108.1/25002-25086#subopt0,  4.36122,-0.658819,  1.21044, -1.92099, -0.41332,-0.549899, 0.175906
RF02924#LBBT01000108.1/25002-25086#subopt1,  4.57372, -1.45257, 0.319735,-0.478848,-0.808266, 0.302142,-0.300172
RF02924#LBBT01000108.1/25002-25086#subopt2,  3.98076, -1.93019,-0.156605,  -1.5141,-0.304683,-0.270211,-0.586095
RF02924#LBBT01000108.1/25002-25086#subopt3,   4.4549, -1.11107,-0.399652, -2.10823,0.0316198, 0.510093,-0.885857
RF02924#LBBT01000108.1/25002-25086#subopt4,   4.5595,  -1.1614, 0.484458,-0.586937,-0.355428, 0.638272,-0.767875
RF02924#URS0000D6722E_997827/1-84#subopt0,  3.29176, -1.73044,  1.53083,  -1.5552,-0.476356, -0.37273, -0.92669
RF02924#URS0000D6722E_997827/1-84#subopt1,  4.14249, -1.47939,  1.91306,0.0705469,-0.550374,0.0229495, -0.69234
RF02924#URS0000D6722E_997827/1-84#subopt2,  3.42744, -1.81413,  1.57824, -1.20239,-0.259548,-0.668771,-0.865034
RF02924#URS0000D6722E_997827/1-84#subopt3,  4.41225,-0.913727, 0.367551, -1.39977, 0.127547, -0.43705,0.0541751
RF02924#URS0000D6722E_997827/1-84#subopt4,  3.38423, -1.66757,  1.76079, -1.46524,-0.396363,-0.688343, -1.11498
RF03064#URS0000D6985E_12908/1-73#subopt0,   4.58276,  0.767562,0.00295413,  0.829661,  -2.00009,  -1.21883,  -1.36239
RF03064#URS0000D6985E_12908/1-73#subopt1,  5.17771,  1.41642,-0.657364, 0.650154,  -1.7494, -0.85057,-0.997633
RF03064#URS0000D6985E_12908/1-73#subopt2,  5.10019,  1.06994,0.0228185,  1.51685, -2.18422,  -1.2001, -1.46026
RF03064#URS0000D6985E_12908/1-73#subopt3,  5.07243,  1.04027,-0.303467,  1.41746, -1.74046, -1.14233,-0.986122
RF03064#URS0000D6985E_12908/1-73#subopt4,  4.52297, 0.808033,0.0655852, 0.918647, -1.85521, -1.06804,-0.895167
RF03064#URS0000D69A75_12908/1-73#subopt0,   4.58276,  0.767561,0.00295408,  0.829662,  -2.00009,  -1.21883,  -1.36239
RF03064#URS0000D69A75_12908/1-73#subopt1,  5.17771,  1.41642,-0.657364, 0.650154,  -1.7494, -0.85057,-0.997633
RF03064#URS0000D69A75_12908/1-73#subopt2,   4.5865, 0.808764, 0.192907, 0.465065, -2.15423,-0.762301, -1.18766
RF03064#URS0000D69A75_12908/1-73#subopt3,  4.52296, 0.808033,0.0655847, 0.918647, -1.85522, -1.06804,-0.895167
RF03064#URS0000D6BAF7_515619/1-73#subopt0,   4.58276,  0.767561,0.00295434,  0.829661,  -2.00009,  -1.21883,  -1.36239
RF03064#URS0000D6BAF7_515619/1-73#subopt1,  5.17771,  1.41642,-0.657364, 0.650154,  -1.7494, -0.85057,-0.997633
RF03064#URS0000D6BAF7_515619/1-73#subopt2,  4.52297, 0.808033,0.0655854, 0.918647, -1.85521, -1.06804,-0.895167
RF02440#GG695971.1/126178-126123#subopt0,  3.12303, -1.41932,  1.53375,-0.875168, 0.250477, -1.82969,-0.500533
RF02440#GG695971.1/126178-126123#subopt1,  3.15341, -1.48934,  1.45157,-0.735681, 0.183014, -1.76416,-0.428964
RF02440#GG695971.1/126178-126123#subopt2,  3.01162, -1.43104,  1.41452,-0.974481, 0.067912, -1.50882,-0.467782
RF02440#GG695971.1/126178-126123#subopt3,  3.06278, -1.38373,  1.54426,-0.590715,  0.37882, -1.60924, 0.355958
RF02440#GG695971.1/126178-126123#subopt4,  2.95137, -1.39545,  1.42501,-0.690029, 0.196255, -1.28838, 0.388707
RF02440#LFZW01000001.1/2096884-2096831#subopt0,  3.15059, -1.51506,  1.42816, -0.72814, 0.178828, -1.85266,-0.464774
RF02440#LFZW01000001.1/2096884-2096831#subopt1,  3.14386, -1.32438,  1.66651, -1.03879,0.0539335, -1.76746,-0.762244
RF02440#LFZW01000001.1/2096884-2096831#subopt2,    3.03918,   -1.52678,    1.30893,  -0.827451,-0.00373772,    -1.5318,  -0.432025
RF02440#LFZW01000001.1/2096884-2096831#subopt3,  3.09034, -1.47948,  1.43866,-0.443684, 0.307171, -1.63221,  0.39172
RF02440#LFZW01000001.1/2096884-2096831#subopt4,  2.97893,  -1.4912,  1.31943,-0.542999, 0.124605, -1.31135, 0.424468
RF02440#AJLR01000146.1/149633-149688#subopt0,  3.12869, -1.64341,  1.33544,-0.819242, 0.152104, -1.50762,-0.366805
RF02440#AJLR01000146.1/149633-149688#subopt1,  3.12303, -1.41932,  1.53375,-0.875168, 0.250477, -1.82969,-0.500533
RF02440#AJLR01000146.1/149633-149688#subopt2,  3.15341, -1.48934,  1.45157,-0.735681, 0.183014, -1.76416,-0.428964
RF02440#AJLR01000146.1/149633-149688#subopt3,  2.95402,  -1.6454,  1.15357,-0.945605,-0.118756, -1.11696,-0.289512
RF02440#AJLR01000146.1/149633-149688#subopt4,  3.01162, -1.43104,  1.41452,-0.974481,0.0679118, -1.50882,-0.467782
RF01695#CP001068.1/10238-10328#subopt0,    3.83218,  -0.666852,    1.55627,    1.07352,0.000823095,  -0.257394,   -0.50201
RF01695#CP001068.1/10238-10328#subopt1,  3.80008,-0.634076,  1.40165,  0.99743, -0.36803, 0.281407,-0.621223
RF01695#CP001068.1/10238-10328#subopt2,   3.61165, -0.636328,   1.22061,  -1.64931,-0.0462785, -0.679485, -0.810964
RF01695#CP001068.1/10238-10328#subopt3,  3.40188,-0.482603,  0.59655, -1.22923,-0.253561,-0.255448, -0.72042
RF01695#CP001068.1/10238-10328#subopt4,   3.98444, -0.266281,  0.332216,-0.0468611, -0.340391,  0.147846, -0.251736
RF01695#CT573326.1/1493171-1493081#subopt0,  4.10119,-0.799615,0.0303731, -1.06291,  -0.1774,-0.232401,  1.17256
RF01695#CT573326.1/1493171-1493081#subopt1,   3.93023,  -1.05152,-0.0967192,    -1.451,  -1.00561, 0.0958589,   1.97622
RF01695#CT573326.1/1493171-1493081#subopt2,  4.05629,-0.910763, 0.171443, -1.53583,-0.578691, 0.248908,   1.0659
RF01695#CT573326.1/1493171-1493081#subopt3,  3.61801,-0.759754,  0.17805, -1.25473,-0.908365,-0.413949, 0.188795
RF01695#CT573326.1/1493171-1493081#subopt4,  4.24252,-0.315523,-0.160633,-0.373306,-0.845807,-0.204501, 0.677134
RF01695#CP001798.1/974535-974621#subopt0,  4.48243,-0.234219,  1.33721,-0.532023,-0.343588,-0.328505, -0.12834
RF01695#CP001798.1/974535-974621#subopt1,   4.18687, -0.354364,  0.921379, -0.440698, -0.853639,-0.0107709,   0.37568
RF01695#CP001798.1/974535-974621#subopt2,   4.36601, 0.0118451,-0.0525432,  -1.65039, -0.433863, -0.394551, -0.381123
RF01695#CP001798.1/974535-974621#subopt3,  4.29018,-0.265541,  0.83119, -0.14055,-0.365119,-0.803392,0.0679884
RF01695#CP001798.1/974535-974621#subopt4,   4.28119, -0.438558,  0.586657,-0.0419124, -0.479704, -0.101185,  0.234661
RF03161#URS0001A233B4_12908/1-63#subopt0,  2.95778, -1.43004,  1.21298,-0.677846,-0.222269, -1.13256,   0.9659
RF03161#URS0001A233B4_12908/1-63#subopt1,  2.92964, -1.52612,  1.13882,-0.726265,-0.485887,  -1.4273,  1.26425
RF03161#URS0001A233B4_12908/1-63#subopt2,  3.71127, -1.16709,  1.52316,  0.70392,-0.641791, -1.20009,  1.38941
RF03161#URS0001A233B4_12908/1-63#subopt3,  3.02209, -1.51412,  1.17924,-0.685596,-0.352352,-0.933126, 0.758549
RF03161#URS0001A233B4_12908/1-63#subopt4,   3.0535, -1.50855,   1.3169,-0.528243,-0.124249, -1.59149, 0.849048
RF03161#CP018153.1/1620386-1620448#subopt0,  3.62498, -1.68483, -1.12125,-0.442785, 0.221223,  0.10237,  1.02881
RF03161#CP018153.1/1620386-1620448#subopt1,  3.52055, -2.12885, 0.222223,  1.19167,-0.339394, 0.415473, 0.751023
RF03161#CP018153.1/1620386-1620448#subopt2,  2.54403, -2.41838,-0.256025,-0.325382,  -0.1555, 0.318389,-0.242152
RF03161#CP018153.1/1620386-1620448#subopt3,  3.47847, -1.87902, -1.01004,-0.909131,-0.100112, 0.636789,-0.265716
RF03161#CP018153.1/1620386-1620448#subopt4,     3.57011,    -1.71781,    -1.21798,    -0.68676,-0.000356487,    0.389381,    0.460634
RF03161#URS0001A244B4_1121932/1-63#subopt0,  3.62498, -1.68483, -1.12125,-0.442785, 0.221223,  0.10237,  1.02881
RF03161#URS0001A244B4_1121932/1-63#subopt1,  3.52055, -2.12885, 0.222222,  1.19167,-0.339394, 0.415474, 0.751023
RF03161#URS0001A244B4_1121932/1-63#subopt2,  2.54403, -2.41838,-0.256024,-0.325382,  -0.1555, 0.318389,-0.242152
RF03161#URS0001A244B4_1121932/1-63#subopt3,  3.47847, -1.87902, -1.01004,-0.909131,-0.100113, 0.636789,-0.265716
RF03161#URS0001A244B4_1121932/1-63#subopt4,     3.57011,    -1.71781,    -1.21798,   -0.686761,-0.000356537,    0.389381,    0.460634
RF01739#MRCG01000001.1/170915-170860#subopt0,   4.81436,  -1.40876, -0.169186,   -0.5152,-0.0665607,  0.689942,  0.988789
RF01739#MRCG01000001.1/170915-170860#subopt1,  3.63663,  -1.2964,  1.87483, -1.28017, 0.126147,-0.865766,-0.230747
RF01739#MRCG01000001.1/170915-170860#subopt2,  3.54575,  -1.4994,  1.77458, -1.14385, 0.201771,-0.636592,0.0581798
RF01739#MRCG01000001.1/170915-170860#subopt3,   3.04375,   -1.4123,   1.61625,   -1.0696,-0.0107967,  -0.67746,-0.0889592
RF01739#MRCG01000001.1/170915-170860#subopt4,  3.02572, -1.22841,  1.77261, -1.33872,-0.116923, -0.66703,-0.343938
RF01739#CM001633.1/4650219-4650298#subopt0,  4.62058,-0.586889, -2.01869, -1.17138, 0.204833, 0.363404, -1.55773
RF01739#CM001633.1/4650219-4650298#subopt1,   5.07078, -0.117159,  0.280525,  -1.76171,  0.323229,  -1.98556,-0.0617556
RF01739#CM001633.1/4650219-4650298#subopt2,  3.87177,-0.825413, 0.425796, -1.32155, 0.201123, -1.59808, 0.464117
RF01739#CM001633.1/4650219-4650298#subopt3,  4.51644,-0.196704,-0.131528,  -1.4923, 0.100545, -1.68563, 0.180761
RF01739#CM001633.1/4650219-4650298#subopt4,  4.51644,-0.196704,-0.131528,  -1.4923, 0.100545, -1.68563, 0.180761
RF01739#ALVZ01000231.1/41142-41207#subopt0,  3.92533,-0.738657,0.0580586, -1.17195, 0.777756,-0.900117, 0.647336
RF01739#ALVZ01000231.1/41142-41207#subopt1,  4.47421,-0.923108, 0.474529, -1.62555, 0.607913,-0.309239, 0.803383
RF01739#ALVZ01000231.1/41142-41207#subopt2,  3.91995,-0.828654,  0.19615, -1.54352, 0.242469,-0.337085, 0.697638
RF01739#ALVZ01000231.1/41142-41207#subopt3,  3.90492,-0.612005, 0.331741, -1.81524, 0.145864,-0.298583, 0.449372
RF01739#ALVZ01000231.1/41142-41207#subopt4,  4.48729,-0.297151, -0.61992, -1.82257,0.0341665,0.0888408, 0.606798
RF03158#MKKD01000014.1/69493-69538#subopt0,   3.26131, -0.069511, -0.138049,-0.0156562,  -2.11516,  0.405995,  0.416389
RF03158#MKKD01000014.1/69493-69538#subopt1,   3.73526,  0.191536,-0.0504689,   1.03311,  -2.14044,  0.915055,   1.16408
RF03158#MKKD01000014.1/69493-69538#subopt2, 3.87398,0.199258,-0.11806, 1.06568,-1.99275,0.587204, 1.08031
RF03158#URS0001A237F1_12908/1-46#subopt0,   3.26131,-0.0695106, -0.138049,-0.0156566,  -2.11516,  0.405995,  0.416389
RF03158#URS0001A237F1_12908/1-46#subopt1,   3.73526,  0.191536,-0.0504687,   1.03311,  -2.14044,  0.915055,   1.16408
RF03158#URS0001A237F1_12908/1-46#subopt2,  3.87398, 0.199257,-0.118059,  1.06568, -1.99276, 0.587204,  1.08031
RF03158#URS0001A23BF5_1206744/1-46#subopt0,   3.26131,-0.0695108, -0.138049,-0.0156564,  -2.11516,  0.405995,  0.416389
RF03158#URS0001A23BF5_1206744/1-46#subopt1,   3.73526,  0.191536,-0.0504688,   1.03311,  -2.14044,  0.915055,   1.16408
RF03158#URS0001A23BF5_1206744/1-46#subopt2, 3.87398,0.199258,-0.11806, 1.06568,-1.99275,0.587204, 1.08031
RF03156#URS0001A2333F_12908/1-30#subopt0,   1.37509, -0.923279,-0.0225766,   -0.3445, -0.977805, -0.140672,  0.293945
RF03156#URS0001A24418_12908/1-33#subopt0,  1.34477,  -1.0094,-0.110945,-0.313539,-0.612889,-0.106804,0.0980865
RF03156#URS0001A24A61_12908/1-30#subopt0,   1.37509,  -0.92328,-0.0225764,   -0.3445, -0.977804, -0.140672,  0.293944
RF03106#URS0000D69489_12908/1-147#subopt0,    7.5882,-0.0836376,   -1.0126,   -2.3149,   1.73142, -0.838762, -0.834225
RF03106#URS0000D69489_12908/1-147#subopt1,  8.35573, 0.454961,-0.985452, -0.87802,  1.46656,-0.577891,-0.823678
RF03106#URS0000D69489_12908/1-147#subopt2,  8.32244,-0.121575,-0.720496, 0.351342,  1.14254,-0.336917, -1.10764
RF03106#URS0000D69489_12908/1-147#subopt3,   8.24591, -0.368673,-0.0784647,  0.966881,  0.971974, -0.183287,  -1.32706
RF03106#URS0000D69489_12908/1-147#subopt4,   8.77979,-0.0281278,  0.446749,  0.910848,   1.38387, -0.834897, -0.590822
RF03106#URS0000D673CA_12908/1-145#subopt0,   7.63558,   1.03555,  -1.41375,  -1.02144,  0.523319,  0.321765,-0.0401485
RF03106#URS0000D673CA_12908/1-145#subopt1,   8.17504,   1.37228,  -1.32068,-0.0999925,  0.410464,  0.684898,-0.0666821
RF03106#URS0000D673CA_12908/1-145#subopt2,  6.95525,-0.199399,  -1.1825,-0.800055, 0.091547,-0.103263,0.0844811
RF03106#URS0000D673CA_12908/1-145#subopt3,  7.02268,0.0370054,-0.987167,-0.903122, 0.522579, 0.262141,-0.224227
RF03106#URS0000D673CA_12908/1-145#subopt4, 7.40305,0.512469,-1.25672,-1.01692, 0.76333,0.625019,0.024595
RF03106#URS0000D6A2A3_12908/1-133#subopt0,  7.69223, 0.990456,  1.19777,-0.343083,-0.527842,-0.139603, 0.310924
RF03106#URS0000D6A2A3_12908/1-133#subopt1,  8.07312,  1.16204,  1.22592, 0.448297, -1.04978,-0.542173,   1.1685
RF03106#URS0000D6A2A3_12908/1-133#subopt2,  7.78089,  1.01039,  1.24864,-0.270002,-0.580902,-0.417328, 0.722138
RF03106#URS0000D6A2A3_12908/1-133#subopt3,  7.51768, 0.588092,  1.72511,  0.38752, -0.25623,-0.196056,   1.0175
RF03106#URS0000D6A2A3_12908/1-133#subopt4,  7.73062, 0.614459,  1.63416,   1.0153,-0.239452,-0.411118,  1.31184
RF03157#URS0001A23AA2_1121878/1-50#subopt0,  4.36776, -1.50726,-0.655402, 0.283891,-0.508367,  1.45239,-0.282165
RF03157#URS0001A23AA2_1121878/1-50#subopt1,   4.9241, -1.32017,-0.342596,  1.00719,-0.464354,  1.55183,-0.399217
RF03157#URS0001A23AA2_1121878/1-50#subopt2,   4.36706,  -1.42451, -0.903962,-0.0881049, -0.446025,   1.21049, -0.177148
RF03157#URS0001A23AA2_1121878/1-50#subopt3,  4.92841, -1.22955,-0.358198,  1.07247,-0.615244,  1.40203,-0.424112
RF03157#URS0001A23AA2_1121878/1-50#subopt4,  4.55508,  -1.4607, -0.89713, 0.312558,-0.450941, 0.519944,-0.581536
RF03157#URS0001A23AA2_1121879/1-50#subopt0,  4.36776, -1.50726,-0.655402, 0.283891,-0.508367,  1.45239,-0.282166
RF03157#URS0001A23AA2_1121879/1-50#subopt1,   4.9241, -1.32017,-0.342596,  1.00719,-0.464354,  1.55183,-0.399217
RF03157#URS0001A23AA2_1121879/1-50#subopt2,   4.36706,  -1.42451, -0.903961,-0.0881047, -0.446025,   1.21049, -0.177148
RF03157#URS0001A23AA2_1121879/1-50#subopt3,  4.92841, -1.22955,-0.358198,  1.07247,-0.615244,  1.40203,-0.424112
RF03157#URS0001A23AA2_1121879/1-50#subopt4,  4.55509,  -1.4607, -0.89713, 0.312558,-0.450941, 0.519944,-0.581536
RF03157#URS0001A2345C_675816/1-50#subopt0,  4.39802, -1.60538, -1.22852, 0.360634,-0.677658, 0.916524, 0.305575
RF03157#URS0001A2345C_675816/1-50#subopt1,  4.39467, -1.42894,  -1.1474, 0.188886,-0.584535, 0.951582, 0.294435
RF03157#URS0001A2345C_675816/1-50#subopt2,  4.36429,  -1.6772,-0.736306, 0.430692,-0.592464,  1.39121,-0.267204
RF03157#URS0001A2345C_675816/1-50#subopt3,  4.36776, -1.50726,-0.655402, 0.283891,-0.508367,  1.45239,-0.282165
RF03157#URS0001A2345C_675816/1-50#subopt4,  4.39412,  -1.1671, -1.61884, -1.47241,-0.480255, 0.824637,-0.454691
RF01704#CP006269.1/1896519-1896580#subopt0,   4.80422,  -1.15578,  -1.69502,  0.453543,0.00936883,  0.748357,  0.450916
RF01704#CP006269.1/1896519-1896580#subopt1,   4.2436, -1.87839,-0.928773,  1.01736,-0.348774, 0.324942, 0.174798
RF01704#CP006269.1/1896519-1896580#subopt2,  4.89281, -1.22137, -1.64354, 0.768038,-0.153661, 0.694348, 0.500888
RF01704#CP006269.1/1896519-1896580#subopt3,  5.34868,-0.838087, -1.64717,  1.69578,-0.177544,  0.89994,  1.00058
RF01704#CP006269.1/1896519-1896580#subopt4,  4.81363, -1.45215,-0.998523,  1.94234,-0.792347, 0.106956,-0.058995
RF01704#AE017126.1/924002-923944#subopt0,   4.3608, -1.58882,-0.687526, 0.613857,-0.101895, 0.359252,-0.161259
RF01704#AE017126.1/924002-923944#subopt1,   3.39378,  -2.03236,0.00775836,   0.94718,  -0.22329,  0.671979, -0.133692
RF01704#AE017126.1/924002-923944#subopt2,   5.02033, -0.882011,  -1.32727,   0.47822, -0.102231,   1.32039,-0.0318887
RF01704#AE017126.1/924002-923944#subopt3,  4.08142, -2.18466, 0.593808, 0.933486,-0.352508, 0.318489, 0.467677
RF01704#AE017126.1/924002-923944#subopt4,  3.49165, -2.10756,0.0563989,  1.25236,-0.402808, 0.640734,-0.064351
RF01704#AANO01000053.1/1174-1115#subopt0,  4.10471, -1.33386, -1.02863, 0.518704, -1.13963, 0.695984,-0.157363
RF01704#AANO01000053.1/1174-1115#subopt1,   4.03453,  -1.39793, -0.787997,   1.02813, -0.900921,   1.04989,-0.0391514
RF01704#AANO01000053.1/1174-1115#subopt2,  3.73312, -1.81301, 0.269446,  2.02749,-0.629626, 0.502077, 0.528572
RF01704#AANO01000053.1/1174-1115#subopt3,    3.4107,  -1.96234,  -1.21633, -0.550198, -0.250359,  0.587715,-0.0847599
RF01704#AANO01000053.1/1174-1115#subopt4,  3.29404,  -2.3046, 0.159224, 0.958875,-0.799005, 0.971038,  0.39585
RF03144#URS0001A2426A_12908/1-47#subopt0,  3.76223, -1.69048, -1.11795,-0.493367, 0.572079,-0.251141,-0.746032
RF03144#URS0001A2426A_12908/1-47#subopt1,  4.44716, -1.10893,-0.679533, 0.287691,-0.448829,-0.231584, -1.94375
RF03144#URS0001A2426A_12908/1-47#subopt2,  4.46552, -1.29919,-0.882959, 0.598912,-0.281622,-0.244227, -1.64071
RF03144#URS0001A2426A_12908/1-47#subopt3,  5.11548,-0.394415, -1.38244,0.0585537,-0.140552, 0.165334,  -1.6082
RF03144#URS0001A2426A_12908/1-47#subopt4,  4.98714,-0.967407,-0.708955,  1.74042,-0.237972, 0.352317, -1.02462
RF03144#URS0001A24651_12908/1-47#subopt0,  4.46453, -0.80379, -1.72771,-0.730181,  1.11169,-0.944617,-0.610021
RF03144#URS0001A24651_12908/1-47#subopt1,  4.55926,-0.722862, -1.46264,-0.912543, 0.682485,-0.746416,-0.608328
RF03144#URS0001A24651_12908/1-47#subopt2,   4.39715,  -1.03568,  -2.05671, -0.311575,   1.26233, -0.968369,-0.0756015
RF03144#URS0001A24651_12908/1-47#subopt3,   4.49187,  -0.95475,  -1.79163, -0.493942,  0.833128, -0.770166,-0.0739083
RF03144#URS0001A24651_12908/1-47#subopt4,  4.96071,-0.349377, -2.12755,-0.869269,  1.34953,-0.481846,-0.263861
RF03144#HF582854.1/780497-780546#subopt0,  4.22971, -1.56451,-0.871881,0.0227887,-0.630684, 0.960602, 0.931278
RF03144#HF582854.1/780497-780546#subopt1,  4.30919,-0.752706,-0.539297, 0.191065,-0.329891, 0.367283, -1.41512
RF03144#HF582854.1/780497-780546#subopt2,  4.76838,-0.534517,-0.534854, 0.896386,-0.139291, 0.810192,-0.689787
RF03144#HF582854.1/780497-780546#subopt3,  3.66512, -1.49491,-0.768129,-0.903146, 0.316069, 0.102606, -1.22615
RF03144#HF582854.1/780497-780546#subopt4,   3.65717,  -1.63049, -0.845467,  -1.00663,-0.0644298, -0.169845, -0.868258
RF02929#URS0000D6D1C3_926032/1-50#subopt0,  3.28602, -1.96359, -1.33873,-0.552817, 0.479506,  1.16658, 0.446904
RF02929#URS0000D6D1C3_926032/1-50#subopt1,   2.4586, -2.71726,-0.572858,0.0606049, 0.227337, 0.602975,-0.226038
RF02929#URS0000D6D1C3_926032/1-50#subopt2,  3.38378,  -2.2025, -1.50616,-0.458958, 0.504789,  1.13776, 0.364897
RF02929#URS0000D6D1C3_926032/1-50#subopt3,  2.55958, -2.49259,-0.352715,-0.294268, 0.197653, 0.570515,-0.725102
RF02929#URS0000D6D1C3_926032/1-50#subopt4,  3.49122, -1.95957, -1.26817,-0.824601, 0.490128,  1.13456,-0.215539
RF02929#URS0000D6D1C3_926028/1-50#subopt0,  3.28602, -1.96359, -1.33873,-0.552817, 0.479506,  1.16658, 0.446904
RF02929#URS0000D6D1C3_926028/1-50#subopt1,   2.4586, -2.71726,-0.572858, 0.060605, 0.227337, 0.602975,-0.226038
RF02929#URS0000D6D1C3_926028/1-50#subopt2,  3.38378,  -2.2025, -1.50616,-0.458958, 0.504789,  1.13776, 0.364897
RF02929#URS0000D6D1C3_926028/1-50#subopt3,  2.55958, -2.49259,-0.352715,-0.294268, 0.197652, 0.570515,-0.725102
RF02929#URS0000D6D1C3_926028/1-50#subopt4,  3.49122, -1.95957, -1.26817,-0.824601, 0.490128,  1.13456, -0.21554
RF02929#URS0000D6D1C3_926027/1-50#subopt0,  3.28602, -1.96359, -1.33873,-0.552817, 0.479506,  1.16658, 0.446904
RF02929#URS0000D6D1C3_926027/1-50#subopt1,   2.4586, -2.71726,-0.572857,0.0606048, 0.227338, 0.602975,-0.226038
RF02929#URS0000D6D1C3_926027/1-50#subopt2,  3.38378,  -2.2025, -1.50616,-0.458958, 0.504789,  1.13776, 0.364897
RF02929#URS0000D6D1C3_926027/1-50#subopt3,  2.55958, -2.49259,-0.352715,-0.294268, 0.197653, 0.570516,-0.725102
RF02929#URS0000D6D1C3_926027/1-50#subopt4,  3.49122, -1.95957, -1.26817,-0.824601, 0.490128,  1.13456, -0.21554
RF03072#MRAE01000003.1/20582-20790#subopt0,   8.93743,   2.66662, -0.885183,  -1.60505,  0.710156,  -1.27456,-0.0581408
RF03072#MRAE01000003.1/20582-20790#subopt1,   9.2637,  3.86621, -1.84036, -0.57424,-0.306974,-0.299611, 0.740575
RF03072#MRAE01000003.1/20582-20790#subopt2,  8.3419, 2.67885,-1.68622,-3.08302,0.646413,-1.24194,-0.06473
RF03072#MRAE01000003.1/20582-20790#subopt3,  8.56619,  2.90154, -1.87113, -3.16289, 0.700291,-0.858127, 0.192557
RF03072#MRAE01000003.1/20582-20790#subopt4,  9.60102,  3.90947, -1.49984, 0.329881,-0.774976, 0.255928, 0.704283
RF03072#HF952018.1/169277-169485#subopt0,    9.2332,   1.42073,  0.156339,   1.02716,  0.762853,-0.0573711,   2.28921
RF03072#HF952018.1/169277-169485#subopt1,   8.89278,   1.18692,-0.0105554,   0.35923,  0.608281, 0.0725986,   2.27588
RF03072#HF952018.1/169277-169485#subopt2,  9.14172,  1.41738,-0.403628, 0.249827, 0.530526,  0.29517,  2.67904
RF03072#HF952018.1/169277-169485#subopt3, 9.19554,  1.6335,0.238242,0.998663, 1.12384,0.180685, 1.84976
RF03072#HF952018.1/169277-169485#subopt4,  8.85515,  1.39969,0.0713454, 0.330732, 0.969272, 0.310653,  1.83643
RF03072#URS0000D69D6C_12908/1-203#subopt0,  9.31328,  2.97918, -1.70782,-0.121969,-0.924891,-0.484719, 0.296344
RF03072#URS0000D69D6C_12908/1-203#subopt1,   9.3087,  2.95998, -1.74625,-0.139379,-0.957019,-0.559878, 0.251797
RF03072#URS0000D69D6C_12908/1-203#subopt2,   8.7591,   2.5905, -1.10717, -2.08333,-0.709111, -1.96418, 0.565803
RF03072#URS0000D69D6C_12908/1-203#subopt3,  8.76392,  2.69132,-0.815225, -2.18078,-0.713342, -1.27622, 0.217316
RF03072#URS0000D69D6C_12908/1-203#subopt4,  8.99004,  2.89388, -1.02518, -2.26327,-0.640246,-0.886949, 0.480255
RF02987#URS0000D6C3CB_12908/1-87#subopt0,   5.28477,-0.0561373,  -1.85997,  0.132658,  0.435073,   1.49484,  0.819044
RF02987#URS0000D6C3CB_12908/1-87#subopt1,   5.27333, 0.0484632,  -1.69361,-0.0535069,  0.703806,   1.47964,  0.763968
RF02987#URS0000D6C3CB_12908/1-87#subopt2,  5.28432,0.0551883, -1.92264, 0.397872,  1.35993, 0.662129, 0.685867
RF02987#URS0000D6BE2C_12908/1-87#subopt0,   5.28476,-0.0561376,  -1.85997,  0.132658,  0.435073,   1.49484,  0.819044
RF02987#URS0000D6BE2C_12908/1-87#subopt1,  5.27333,0.0484631, -1.69361,-0.053507, 0.703806,  1.47964, 0.763968
RF02987#URS0000D6BE2C_12908/1-87#subopt2,   5.29576,-0.0494122,  -2.08901,  0.584035,   1.09119,  0.677332,  0.740943
RF02987#URS0000D6BE2C_12908/1-87#subopt3,  5.28432,0.0551883, -1.92264, 0.397872,  1.35993, 0.662129, 0.685868
RF02987#URS0000D68C86_12908/1-89#subopt0,  5.54679, 0.653719, -1.95005,-0.236543, 0.492091,  1.51198, 0.964075
RF02987#URS0000D68C86_12908/1-89#subopt1,  5.47724, -0.16542, -1.92351,-0.131677, 0.100993,  1.11857,-0.126277
RF02987#URS0000D68C86_12908/1-89#subopt2,   5.85828,0.00173643,   -2.4417, -0.110443,  0.103651,   1.19634,  0.343791
RF02987#URS0000D68C86_12908/1-89#subopt3,  5.88164, 0.222529, -2.28124,-0.266391, 0.218868,  1.48018,0.0796508
RF02987#URS0000D68C86_12908/1-89#subopt4,   5.26572, 0.0756994,  -1.76334,-0.0267282,  0.527319,   1.55143,  0.733204
RF03169#URS0000D69050_12908/1-85#subopt0,   5.46414, -0.789354, -0.947758,  0.480038, -0.240466,-0.0151626, -0.502274
RF03169#URS0000D69050_12908/1-85#subopt1,  4.90961, -1.67853,0.0135274, 0.385252,-0.232213,  0.74265,  1.02618
RF03169#URS0000D69050_12908/1-85#subopt2,   6.12217, -0.339108,  -1.11362,-0.0820428,-0.0270067,   1.52879,   1.09591
RF03169#URS0000D69050_12908/1-85#subopt3,   5.33149,  -1.44338,-0.0416746,   1.12358, -0.525832,   1.13302,    1.3369
RF03169#URS0000D69050_12908/1-85#subopt4,  6.20291,-0.264263, -1.18516,-0.205756, 0.203544, 0.670333,  1.27435
RF03169#URS0000D6778A_12908/1-87#subopt0,   6.48064,-0.0610814, -0.770246,   1.94105,  -0.14963, 0.0467332,   1.89907
RF03169#URS0000D6778A_12908/1-87#subopt1,    5.9875, -0.787575, -0.262086,   2.29738,-0.0575985,  -0.11613,   1.68804
RF03169#URS0000D6778A_12908/1-87#subopt2,  5.09289, 0.257833, 0.752816,-0.995292, -1.77444,-0.659454,-0.255573
RF03169#URS0000D6778A_12908/1-87#subopt3,  5.11548,0.0887462, 0.400814,-0.259244, -1.23817, -1.39439, 0.255428
RF03169#URS0000D6778A_12908/1-87#subopt4,  4.93793,-0.138221, 0.952052, 0.681433,  -1.5143,-0.739452, 0.722536
RF03169#MGMJ01000061.1/3123-3039#subopt0,  5.35628, 0.755605, -1.16816, -0.59682,-0.464001,0.0440345,-0.454274
RF03169#MGMJ01000061.1/3123-3039#subopt1,   5.99073,   1.44012,  -1.34024, -0.751851, -0.645615,-0.0886984, -0.341313
RF03169#MGMJ01000061.1/3123-3039#subopt2,  5.94816,  1.25989, -1.39032,-0.697298, -0.30132,-0.198199,-0.866142
RF03169#MGMJ01000061.1/3123-3039#subopt3,  5.77535,  1.17331, -1.18053,-0.163341, -1.06647, 0.247887,-0.038467
RF03169#MGMJ01000061.1/3123-3039#subopt4,  6.19948,  1.35294,-0.802404, 0.814915, -1.32712, 0.613898,0.0600313
RF02958#URS0000D6753D_12908/1-114#subopt0,  6.46771,-0.404849,-0.423704,-0.656569,  1.42269, -1.38618,-0.665316
RF02958#URS0000D6753D_12908/1-114#subopt1,  6.33383,-0.884365, 0.553624,-0.287951,  1.72041,-0.898432, 0.171403
RF02958#URS0000D6753D_12908/1-114#subopt2,  6.49383,-0.792945, 0.526428,-0.373126,  1.48384,-0.486718, 0.295248
RF02958#URS0000D6753D_12908/1-114#subopt3,  6.06291,-0.784569,-0.385553, -1.85206,  1.26345,-0.851918,-0.583489
RF02958#URS0000D6753D_12908/1-114#subopt4,   4.8947,-0.978624,   1.3832, -2.06273, 0.778384,-0.440226, -0.15303
RF02958#URS0000D66605_1235798/1-114#subopt0,  6.20087, -1.17876, 0.210018,-0.299086, 0.506498, 0.801882,-0.491499
RF02958#URS0000D66605_1235798/1-114#subopt1,   6.22638,  -1.32716,  0.170038,-0.0430756,   0.84759,  0.537291,  -0.62756
RF02958#URS0000D66605_1235798/1-114#subopt2,  6.08698, -1.11139,-0.255216, 0.683479, 0.378308, 0.840969,-0.723951
RF02958#URS0000D66605_1235798/1-114#subopt3,   7.10626,-0.0355455,  -1.66913,  0.139977, -0.281423,    1.4181,-0.0450146
RF02958#URS0000D66605_1235798/1-114#subopt4,   6.64314,-0.0272662,  -1.60393,  -1.09157, -0.584422,   1.39346, -0.600049
RF02958#KE159748.1/73297-73184#subopt0,  6.20087, -1.17876, 0.210018,-0.299086, 0.506498, 0.801882,-0.491499
RF02958#KE159748.1/73297-73184#subopt1,   6.22638,  -1.32716,  0.170038,-0.0430756,   0.84759,  0.537291,  -0.62756
RF02958#KE159748.1/73297-73184#subopt2,  6.08698, -1.11139,-0.255216, 0.683479, 0.378308, 0.840969,-0.723951
RF02958#KE159748.1/73297-73184#subopt3,   7.10626,-0.0355455,  -1.66913,  0.139977, -0.281423,    1.4181,-0.0450146
RF02958#KE159748.1/73297-73184#subopt4,   6.64314,-0.0272662,  -1.60393,  -1.09157, -0.584422,   1.39346, -0.600049
RF03130#CP019331.1/208098-208069#subopt0,  2.63756,-0.365737,-0.258844,   -1.391,  -2.1657, 0.285572, 0.887064
RF03130#CP019331.1/208098-208069#subopt1,  3.35671, 0.250338,-0.985872, -1.61348, -1.96473, 0.594344,  1.22479
RF03130#CP019331.1/208098-208069#subopt2,   3.32524,-0.0771038, -0.123509,-0.0082907,  -2.66354,  0.327267,  0.655828
RF03130#CP019331.1/208098-208069#subopt3,  3.99747, 0.489107,-0.957105,-0.322957, -2.23147,  0.91781,   1.6573
RF03130#CP019331.1/208098-208069#subopt4,  2.56734,-0.245524,-0.479381, -0.97781, -1.17288, -0.64195, 0.820184
RF03130#LT629752.1/2327677-2327706#subopt0,  2.63756,-0.365737,-0.258844,   -1.391,  -2.1657, 0.285572, 0.887064
RF03130#LT629752.1/2327677-2327706#subopt1,  3.35671, 0.250338,-0.985872, -1.61348, -1.96473, 0.594344,  1.22479
RF03130#LT629752.1/2327677-2327706#subopt2,   3.32524,-0.0771038, -0.123509,-0.0082907,  -2.66354,  0.327267,  0.655828
RF03130#LT629752.1/2327677-2327706#subopt3,  3.99747, 0.489107,-0.957105,-0.322957, -2.23147,  0.91781,   1.6573
RF03130#LT629752.1/2327677-2327706#subopt4,  2.56734,-0.245524,-0.479381, -0.97781, -1.17288, -0.64195, 0.820184
RF03130#LT670850.1/2437797-2437768#subopt0,  2.63756,-0.365737,-0.258844,   -1.391,  -2.1657, 0.285572, 0.887064
RF03130#LT670850.1/2437797-2437768#subopt1,  3.35671, 0.250338,-0.985872, -1.61348, -1.96473, 0.594344,  1.22479
RF03130#LT670850.1/2437797-2437768#subopt2,   3.32524,-0.0771038, -0.123509,-0.0082907,  -2.66354,  0.327267,  0.655828
RF03130#LT670850.1/2437797-2437768#subopt3,  3.99747, 0.489107,-0.957105,-0.322957, -2.23147,  0.91781,   1.6573
RF03130#LT670850.1/2437797-2437768#subopt4,  2.56734,-0.245524,-0.479381, -0.97781, -1.17288, -0.64195, 0.820184
RF03142#URS0001A246D4_12908/1-69#subopt0,   3.7136,  1.02856, -1.31242, -1.54849,-0.904607, 0.835028, 0.765906
RF03142#FXYF01000010.1/45420-45352#subopt0,   3.6629, 0.942207, -1.36804, -1.54846,-0.909936, 0.579642, 0.897475
RF03142#FXYF01000010.1/45420-45352#subopt1, 3.76495,0.918986,-1.30496,-1.71573,-1.01731,0.507686,0.383316
RF03142#FXYF01000010.1/45420-45352#subopt2,  3.73175, 0.973775, -1.30129, -1.66638,-0.717068, 0.547819,  0.16667
RF03142#FXYF01000010.1/45420-45352#subopt3,   4.23735,   1.30304,  -1.01062, -0.529691,  -1.21136,  0.744972,-0.0432506
RF03142#FXYF01000010.1/45420-45352#subopt4,  4.40505,  1.46902, -1.06442,-0.429166, -1.18609, 0.803957,-0.225783
RF03142#URS0001A234C0_12908/1-69#subopt0,   3.6629, 0.942207, -1.36804, -1.54846,-0.909936, 0.579642, 0.897475
RF02957#URS0000D6BF88_755863/1-129#subopt0,  6.85441,-0.282969,  2.95472,-0.315541,-0.505363, 0.176757, 0.164632
RF02957#URS0000D6BF88_755863/1-129#subopt1,   7.1787,-0.123211,  3.06104, 0.092127,-0.544458, 0.305718, 0.194548
RF02957#URS0000D6BF88_755863/1-129#subopt2,  5.96955, -1.16086,  3.88582, 0.216638,-0.285461,-0.187915, 0.403196
RF02957#URS0000D6BF88_755863/1-129#subopt3,  6.78577,-0.342761,    2.914,-0.280104,0.0877233, 0.338989, 0.978347
RF02957#URS0000D6BF88_755863/1-129#subopt4,   7.15264,-0.0250306,   3.00972,  0.356513,  -0.93484, 0.0504193,  0.351013
RF02957#URS0000D6BF88_360102/1-129#subopt0,  6.85441,-0.282969,  2.95472,-0.315541,-0.505363, 0.176757, 0.164632
RF02957#URS0000D6BF88_360102/1-129#subopt1,   7.1787,-0.123211,  3.06104, 0.092127,-0.544458, 0.305718, 0.194548
RF02957#URS0000D6BF88_360102/1-129#subopt2,  5.96955, -1.16086,  3.88582, 0.216638,-0.285461,-0.187915, 0.403196
RF02957#URS0000D6BF88_360102/1-129#subopt3,  6.78577,-0.342761,    2.914,-0.280104,0.0877233, 0.338989, 0.978347
RF02957#URS0000D6BF88_360102/1-129#subopt4,   7.15264,-0.0250306,   3.00972,  0.356513,  -0.93484, 0.0504193,  0.351013
RF02957#AL590842.1/1239599-1239471#subopt0,  6.85441,-0.282969,  2.95472,-0.315541,-0.505363, 0.176757, 0.164632
RF02957#AL590842.1/1239599-1239471#subopt1,   7.1787,-0.123211,  3.06104, 0.092127,-0.544458, 0.305718, 0.194548
RF02957#AL590842.1/1239599-1239471#subopt2,  5.96955, -1.16086,  3.88582, 0.216638,-0.285461,-0.187915, 0.403196
RF02957#AL590842.1/1239599-1239471#subopt3,  6.78577,-0.342761,    2.914,-0.280104,0.0877233, 0.338989, 0.978347
RF02957#AL590842.1/1239599-1239471#subopt4,   7.15264,-0.0250306,   3.00972,  0.356513,  -0.93484, 0.0504193,  0.351013
RF01717#KJ019103.1/171801-171896#subopt0,  3.42197, -1.31658,  1.37719,0.0362219,-0.476913, -1.09648, 0.399788
RF01717#KJ019103.1/171801-171896#subopt1,  3.97241, -1.56261, -1.29536, 0.572735, 0.176621,-0.176133, 0.854271
RF01717#KJ019103.1/171801-171896#subopt2,    3.0144,  -2.15976, -0.320056,  0.992724,0.00947022,-0.0903154,-0.0445877
RF01717#KJ019103.1/171801-171896#subopt3,  3.04003, -2.25161,-0.293887, 0.887804,-0.155921,-0.269475, 0.440464
RF01717#KJ019103.1/171801-171896#subopt4,   3.09641,  -2.04907,-0.0863226,  0.552998, -0.274187, -0.306444,-0.0565585
RF01717#GU071105.1/181614-181709#subopt0,   4.43186,-0.0865292,   0.99866, 0.0558198, -0.935606,  -1.18926, -0.188436
RF01717#GU071105.1/181614-181709#subopt1,  3.58913,-0.888065,  1.67333, 0.354079,-0.704219,-0.619517, 0.122774
RF01717#GU071105.1/181614-181709#subopt2,  2.67727, -1.48848,  1.15301,-0.945151,-0.254148,-0.684923,-0.330997
RF01717#GU071105.1/181614-181709#subopt3,  3.58094, -1.11431,  1.53886, 0.670007,-0.372021,-0.617043, 0.550277
RF01717#GU071105.1/181614-181709#subopt4,   3.56736,  -1.18709,   1.76436,-0.0279881, -0.425296, -0.146767, -0.195418
RF01717#FM207411.1/8698-8606#subopt0,  4.49064,-0.337557, -1.91041, 0.525494,0.0116059, 0.393056, 0.130532
RF01717#FM207411.1/8698-8606#subopt1,     5.6075,-0.00154352,   -1.33189,     2.1832,   0.149983,  0.0421988,   0.436954
RF01717#FM207411.1/8698-8606#subopt2,  4.64415, -1.05441,-0.447809,  1.59434,-0.540215, 0.243279,-0.770674
RF01717#FM207411.1/8698-8606#subopt3,  4.70586, -1.10834,-0.490123,  1.66003,-0.344058, 0.141751, -1.49806
RF01717#FM207411.1/8698-8606#subopt4,   3.99859,  -1.03473,  -1.42562,  0.670892,0.00468531,  0.450703, -0.260406
RF01725#KB456687.1/1545-1438#subopt0,  5.72905, -1.21794,   3.1585, 0.846996,-0.238641, -1.43586,  1.01675
RF01725#KB456687.1/1545-1438#subopt1,   5.6997, -1.31052,  3.04857, 0.787882,-0.223672, -1.48619,  1.03009
RF01725#KB456687.1/1545-1438#subopt2,  5.78173, -1.21598,  2.96581, 0.703878,-0.166773, -1.23982, 0.522125
RF01725#KB456687.1/1545-1438#subopt3, 5.58741,-1.31344, 2.86823,0.981969,0.238321,-1.92754,0.372378
RF01725#KB456687.1/1545-1438#subopt4,  5.41788, -1.29409,  2.74649,  0.91558,0.0747144, -2.26154, 0.789687
RF01725#ATDL01000014.1/305234-305140#subopt0, 5.86346,0.400004,0.525174,-0.72114, -1.3191,-1.56168, 1.73114
RF01725#ATDL01000014.1/305234-305140#subopt1,  5.87332, 0.409393, 0.416227,-0.529168,  -1.0327, -1.96002,  1.68263
RF01725#ATDL01000014.1/305234-305140#subopt2,  5.85025, 0.481306, 0.494793,-0.671313, -1.02003, -1.51091,  1.29573
RF01725#ATDL01000014.1/305234-305140#subopt3,  5.98293, 0.516618, 0.582935,-0.706502, -1.00243, -1.85913,   1.1026
RF01725#ATDL01000014.1/305234-305140#subopt4,  5.92987, 0.497316, 0.430545, -0.49665,-0.675179, -2.24248, 0.975212
RF01725#CP011568.2/2341891-2341786#subopt0, 6.06677,-1.97199, 2.14496, 1.46635, 1.32541,-1.19027,-1.02398
RF01725#CP011568.2/2341891-2341786#subopt1,   6.1473,  -2.0467,  2.34849,  1.11922, 0.825264,-0.503659,-0.455525
RF01725#CP011568.2/2341891-2341786#subopt2, 6.05163,-2.01578, 2.13912,  1.4055,  1.3014,-1.11879,-1.04426
RF01725#CP011568.2/2341891-2341786#subopt3,  6.16264, -1.96861,  2.39053,   1.4622,  1.17582, -1.14559,-0.450417
RF01725#CP011568.2/2341891-2341786#subopt4,  6.15065, -2.10549,  2.08691,  1.59892,  1.12519,-0.785426,-0.107005
RF00174#MWFK01000002.1/722662-722517#subopt0,  6.86621,-0.127759,  2.09173, -1.50663,-0.959326,-0.342874,   1.0994
RF00174#MWFK01000002.1/722662-722517#subopt1,      6.902,-0.00729019,    2.25803,   -1.48452,   -0.91154,  -0.645083,   0.641752
RF00174#MWFK01000002.1/722662-722517#subopt2,  6.87804,-0.345311,   1.9419, -1.25575,-0.831935,-0.264143,  1.29911
RF00174#MWFK01000002.1/722662-722517#subopt3,   6.88337,-0.0790761,   2.13653,  -1.56264, -0.888939, -0.407851,  0.746266
RF00174#MWFK01000002.1/722662-722517#subopt4,  7.44176, 0.651494,  1.64377, -1.51285, -1.07258,-0.931648,   1.0846
RF00174#CP000613.2/2937153-2937359#subopt0,     8.5656,    3.68294,   -1.62249,-0.00230365,  -0.323585,  -0.311211,   -1.80774
RF00174#CP000613.2/2937153-2937359#subopt1,    8.56555,    3.68235,   -1.63134,-0.00187341,  -0.327336,  -0.291235,   -1.78632
RF00174#CP000613.2/2937153-2937359#subopt2,  8.64755,  3.74753, -1.56474,-0.087651,-0.812898,-0.193587,  -1.4199
RF00174#CP000613.2/2937153-2937359#subopt3,   8.4925,  3.71952, -1.65857,0.0404895,-0.239994,-0.503993, -1.83116
RF00174#CP000613.2/2937153-2937359#subopt4,   8.57445,   3.78411,  -1.60081,-0.0448609, -0.729306, -0.386371,  -1.44332
RF00174#LZZM01000194.1/2900-2761#subopt0,  5.82009, -1.27826,  2.93617, 0.567973,-0.522255,-0.602917,-0.114841
RF00174#LZZM01000194.1/2900-2761#subopt1,  5.91619, -1.21865,  3.14829, 0.544602,-0.337066, -0.80377,-0.595342
RF00174#LZZM01000194.1/2900-2761#subopt2,  5.91787, -1.14945,  3.24992, 0.575528,-0.218579, -1.03362, -1.01758
RF00174#LZZM01000194.1/2900-2761#subopt3,  5.88565, -1.16982,  3.13041, 0.512369,-0.216589,-0.888378,-0.888415
RF00174#LZZM01000194.1/2900-2761#subopt4,  6.46028, 0.355057,  1.57164,-0.206564,-0.855001,-0.561756, -1.05212
RF03132#URS0001A23582_132474/1-56#subopt0,   4.01952,  -2.13687,-0.0714591,   2.11176, -0.159034, 0.0900956, -0.106962
RF03132#URS0001A23582_132474/1-56#subopt1,  3.38895, -2.13446,0.0589998,  1.35865, -0.10926,0.0643478,-0.298574
RF03132#URS0001A23582_132474/1-56#subopt2,   3.9055, -2.00963, 0.124049,  1.79671,-0.117808, 0.496849,-0.140923
RF03132#URS0001A23582_132474/1-56#subopt3,  3.91072, -1.91293, 0.142971,  1.93534,-0.311174, 0.348633,-0.194003
RF03132#URS0001A2399E_1440053/1-56#subopt0,   4.01952,  -2.13687,-0.0714591,   2.11176, -0.159034, 0.0900956, -0.106962
RF03132#URS0001A2399E_1440053/1-56#subopt1,  3.38895, -2.13446,0.0589998,  1.35865, -0.10926,0.0643478,-0.298574
RF03132#URS0001A2399E_1440053/1-56#subopt2,   3.9055, -2.00963, 0.124049,  1.79671,-0.117808, 0.496849,-0.140923
RF03132#URS0001A2399E_1440053/1-56#subopt3,  3.91072, -1.91293, 0.142971,  1.93534,-0.311174, 0.348633,-0.194003
RF03132#URS0001A232D3_1157633/1-56#subopt0,   4.01952,  -2.13687,-0.0714591,   2.11176, -0.159034, 0.0900956, -0.106962
RF03132#URS0001A232D3_1157633/1-56#subopt1,  3.38895, -2.13446,0.0589998,  1.35865, -0.10926,0.0643478,-0.298574
RF03132#URS0001A232D3_1157633/1-56#subopt2,   3.9055, -2.00963, 0.124049,  1.79671,-0.117808, 0.496849,-0.140923
RF03132#URS0001A232D3_1157633/1-56#subopt3,  3.91072, -1.91293, 0.142971,  1.93534,-0.311174, 0.348633,-0.194003
RF02001#GG657590.1/215507-215313#subopt0,   7.92518,-0.0185987,  -1.04074, -0.253431,  0.180625, -0.336965,  0.226296
RF02001#GG657590.1/215507-215313#subopt1,   7.81331, -0.160014,  -1.21886,0.00278526,  0.251818, -0.342191,  0.679551
RF02001#GG657590.1/215507-215313#subopt2,   7.7497, 0.298119,-0.856983,-0.392503, 0.156306,-0.353505, 0.328782
RF02001#GG657590.1/215507-215313#subopt3,   8.09703,-0.0784173, 0.0845449,  -1.46754,  0.903645, -0.694291,  0.350212
RF02001#GG657590.1/215507-215313#subopt4,   7.23414, -0.207162,-0.0271542, -0.522203, 0.0140473, -0.589711, -0.383616
RF02001#MJHW01000023.1/2004-1835#subopt0,  6.63216,-0.381968,-0.129866, -1.96683,-0.273279, 0.027387,-0.806777
RF02001#MJHW01000023.1/2004-1835#subopt1,  6.63397,-0.415189,-0.158961, -1.92859,-0.367164, 0.113447,-0.491045
RF02001#MJHW01000023.1/2004-1835#subopt2,  6.72235,-0.313507,0.0871326, -1.87075,-0.188933,-0.261525, -1.01331
RF02001#MJHW01000023.1/2004-1835#subopt3,   6.6891,-0.550487,-0.177834, -1.71692,-0.157659,0.0994391,-0.613626
RF02001#MJHW01000023.1/2004-1835#subopt4,  6.77435,-0.586865,-0.132976, -1.41894,0.0174544,-0.218199,-0.550924
RF02001#ALJM01000048.1/525-355#subopt0,   6.89457,   0.38388,   -1.7047,  0.963794,   -1.0898,-0.0481215,  -2.37785
RF02001#ALJM01000048.1/525-355#subopt1,   6.45138,  0.111781,    -1.803,  0.380688,  -0.83022,-0.0337174,  -2.05888
RF02001#ALJM01000048.1/525-355#subopt2, 7.06181,0.538953,-2.23751,0.677839,-1.37056,0.181389,-2.23596
RF02001#ALJM01000048.1/525-355#subopt3,  7.13088, 0.541067, -2.17628, 0.921349, -1.22394,-0.148633, -2.21394
RF02001#ALJM01000048.1/525-355#subopt4,    7.3894,  0.570794,  -1.76109,    1.5112,   -1.6134,-0.0634767,  -1.87191
RF03054#CP014517.1/865598-865664#subopt0,  4.46019,  1.23649, -1.32475, 0.504185,-0.868607,-0.123303,-0.383382
RF03054#CP014517.1/865598-865664#subopt1,  4.46019,  1.23649, -1.32475, 0.504185,-0.868607,-0.123303,-0.383382
RF03054#CP014517.1/865598-865664#subopt2,  4.36624,   1.1727, -1.34343, 0.374959, -1.06385, 0.425378,-0.493796
RF03054#CP014517.1/865598-865664#subopt3,   4.3508,  1.20692, -1.41784, 0.350077,-0.857834, 0.730377,-0.116573
RF03054#CP014517.1/865598-865664#subopt4,  3.84838, 0.725384, -1.04024, 0.493862,-0.972959, 0.298913,-0.138706
RF03054#URS0000D6A626_1235457/1-85#subopt0,  3.58604, 0.467467,-0.640638, 0.376575, -1.20553,-0.822442,-0.764095
RF03054#URS0000D6A626_1235457/1-85#subopt1,  3.58604, 0.467467,-0.640638, 0.376575, -1.20553,-0.822442,-0.764095
RF03054#URS0000D6A626_1235457/1-85#subopt2,  3.56736, 0.488624,-0.736837, 0.272995,  -1.3945, -0.32098,-0.861955
RF03054#URS0000D6A626_1235457/1-85#subopt3,  2.87977,-0.129248,-0.252383, 0.407437, -1.33629,-0.377623,-0.548259
RF03054#URS0000D6A626_1235457/1-85#subopt4,  3.56396, 0.420136,-0.647717, 0.412155, -1.21156,-0.922253,-0.659488
RF03054#URS0000D6C6CC_543728/1-68#subopt0,  3.39798, -1.63671,  1.19545,-0.607212, 0.219907, -1.08297, 0.591129
RF03054#URS0000D6C6CC_543728/1-68#subopt1, 3.34444,-1.53822, 1.25619,-0.76562,0.210576,-1.08358,0.508442
RF03054#URS0000D6C6CC_543728/1-68#subopt2,  3.51275, -1.38452,  1.66937,  -1.0637, 0.334524, -1.22675,-0.732929
RF03054#URS0000D6C6CC_543728/1-68#subopt3,   3.35583,  -1.59942,   1.12982, -0.577977,-0.0138777, -0.956832,  0.610905
RF03054#URS0000D6C6CC_543728/1-68#subopt4,  3.34481, -1.49352,  1.23323,-0.747711,0.0567735, -0.91235, 0.491547
RF03131#ANFO01000012.1/25823-25848#subopt0,  2.65495, -0.34635,-0.859994,-0.564947,-0.667029,0.0891994, 0.360456
RF03131#AP008232.1/2686948-2686973#subopt0,  2.65495, -0.34635,-0.859994,-0.564947,-0.667029,0.0891994, 0.360456
RF03131#BBMZ01000007.1/214689-214664#subopt0,  2.65495, -0.34635,-0.859994,-0.564947,-0.667029,0.0891994, 0.360456
RF03135#URS0001A24445_12908/1-100#subopt0,   4.91464, -0.159475,-0.0207674,  -2.78533,  -1.82985,  0.261043,-0.0942775
RF03135#URS0001A24445_12908/1-100#subopt1,   4.85988,-0.0788716, 0.0216699,  -2.60801,  -1.16598,   0.34404, -0.890128
RF03135#URS0001A24445_12908/1-100#subopt2,   4.90434, -0.158826,-0.0321818,   -2.7637,  -1.85737,  0.249362,-0.0719609
RF03135#URS0001A24445_12908/1-100#subopt3,   4.84959,-0.0782233, 0.0102571,  -2.58638,  -1.19349,  0.332359,  -0.86781
RF03135#URS0001A24445_12908/1-100#subopt4,  5.61289, 0.427751,-0.173651,   -1.859, -1.79739, 0.783718,  0.27814
RF03135#CP007060.1/2200475-2200574#subopt0,  5.84628, 0.775522,0.0690046, -1.22298, -1.76554,  1.13659, 0.591292
RF03135#CP007060.1/2200475-2200574#subopt1,  5.87051, 0.630437,0.0535036, -1.30117, -1.63183, 0.931136,  0.60226
RF03135#CP007060.1/2200475-2200574#subopt2,  5.68893, 0.281356, 0.224658,0.0586949, -2.04983,  1.28077,  1.27973
RF03135#CP007060.1/2200475-2200574#subopt3,  5.74008, 0.400089, 0.332658,0.0679994, -1.48831,  1.31074, 0.106391
RF03135#CP007060.1/2200475-2200574#subopt4,  5.71046, 0.232614, 0.293445,0.0025072, -1.80685,  1.19376,  1.24429
RF03135#URS0001A23BD7_12908/1-100#subopt0,  5.84628, 0.775522,0.0690046, -1.22298, -1.76554,  1.13659, 0.591292
RF03135#URS0001A23BD7_12908/1-100#subopt1,  5.87051, 0.630437,0.0535036, -1.30117, -1.63183, 0.931136,  0.60226
RF03135#URS0001A23BD7_12908/1-100#subopt2,  5.68893, 0.281356, 0.224658,0.0586949, -2.04983,  1.28077,  1.27973
RF03135#URS0001A23BD7_12908/1-100#subopt3,  5.74008, 0.400089, 0.332658,0.0679994, -1.48831,  1.31074, 0.106391
RF03135#URS0001A23BD7_12908/1-100#subopt4,  5.71046, 0.232614, 0.293445,0.0025072, -1.80685,  1.19376,  1.24429
RF03127#URS0001A243B9_12908/1-75#subopt0,  4.06706, -1.51022, -1.38165, 0.154247,-0.168842, 0.398629,-0.475894
RF03127#URS0001A243B9_12908/1-75#subopt1,  4.70699, -1.18604, -1.90631,-0.258969,-0.109793,  0.89662, 0.342365
RF03127#URS0001A243B9_12908/1-75#subopt2,  3.31945, -2.00796, -1.40877,-0.607986,  0.47074, 0.278297,0.0288458
RF03127#URS0001A243B9_12908/1-75#subopt3,  3.9888,-1.69453,-1.93568,-1.02231,0.517691,0.769944,0.847489
RF03127#URS0001A243B9_12908/1-75#subopt4,  3.27761, -2.08493, -1.47503, -0.49504, 0.271469, 0.262163,0.0832987
RF03127#FR892111.1/50988-50914#subopt0,  4.10363, -2.04668,-0.793374,-0.551523,  1.17806,-0.816885,   0.1756
RF03127#FR892111.1/50988-50914#subopt1,  4.06148, -2.15912,-0.801802,-0.432087, 0.987551,-0.873351,  0.22184
RF03127#FR892111.1/50988-50914#subopt2,  4.70141, -1.83493, -1.32646,-0.845305,   1.0466, -0.37536,   1.0401
RF03127#FR892111.1/50988-50914#subopt3,  4.15716, -1.96131,-0.631013,-0.637367, 0.652201,-0.742527, 0.482331
RF03127#FR892111.1/50988-50914#subopt4,  4.79708, -1.63712, -1.15567, -1.05058, 0.711249,-0.244534,  1.30059
RF03127#URS0001A23360_12908/1-75#subopt0,  4.10363, -2.04668,-0.793374,-0.551523,  1.17806,-0.816885,   0.1756
RF03127#URS0001A23360_12908/1-75#subopt1,  4.06148, -2.15912,-0.801802,-0.432087, 0.987551,-0.873351,  0.22184
RF03127#URS0001A23360_12908/1-75#subopt2,  4.70141, -1.83493, -1.32646,-0.845305,   1.0466, -0.37536,   1.0401
RF03127#URS0001A23360_12908/1-75#subopt3,  4.15716, -1.96131,-0.631013,-0.637367, 0.652201,-0.742527, 0.482331
RF03127#URS0001A23360_12908/1-75#subopt4,  4.79708, -1.63712, -1.15567, -1.05058, 0.711249,-0.244534,  1.30059
RF03000#URS0000D6CE60_12908/1-124#subopt0,  5.89392,-0.875341,-0.133188, 0.475485, 0.731006,-0.486371,-0.736602
RF03000#URS0000D6CE60_12908/1-124#subopt1,  5.10024, -1.41016,-0.235458, -1.49347, 0.645956,-0.163823,-0.289108
RF03000#URS0000D6CE60_12908/1-124#subopt2,  6.36334,-0.522106, -0.30537,  1.21834, 0.925003,-0.142567,-0.391816
RF03000#URS0000D6CE60_12908/1-124#subopt3,      6.3326,   -0.571576,   -0.355445,     1.18863,    0.860464,-0.000366211,    -0.31275
RF03000#URS0000D6CE60_12908/1-124#subopt4,  5.70103,-0.934548, -0.43726,-0.567493, 0.617432, 0.367682,0.0665198
RF03000#URS0000D6B574_12908/1-124#subopt0,   5.11208,   -1.6465, -0.205201,  -1.97265, -0.188969,  0.102442,-0.0323988
RF03000#URS0000D6B574_12908/1-124#subopt1,  5.85255, -1.04512,-0.320095,-0.808976,-0.340542, 0.494139, 0.384697
RF03000#URS0000D6B574_12908/1-124#subopt2,  5.13193, -1.53725,-0.224231, -1.62761, 0.483574,-0.437375,0.0368939
RF03000#URS0000D6B574_12908/1-124#subopt3,   5.11643,  -1.63875, -0.204018,  -2.04891, -0.267361,  0.100338,-0.0496133
RF03000#URS0000D6B574_12908/1-124#subopt4,    5.12227,   -1.66467,  -0.272828,   -1.86944,-0.00779422,  -0.104948, -0.0903842
RF03000#URS0000D699FC_12908/1-122#subopt0,   5.1996, -1.69599, -0.26719, -1.39957, 0.484497,-0.473886,   0.1493
RF03000#URS0000D699FC_12908/1-122#subopt1,  5.13987, -1.40167,-0.146889, -1.52413, 0.864073,-0.164922,-0.320995
RF03000#URS0000D699FC_12908/1-122#subopt2,  5.88965,-0.784549,-0.272015,-0.336957, 0.704782, 0.223222, 0.164043
RF03000#URS0000D699FC_12908/1-122#subopt3,  5.13727, -1.41377,-0.216457, -1.55876, 0.816045,-0.155062,-0.286916
RF03000#URS0000D699FC_12908/1-122#subopt4,  5.14286, -1.44818,-0.325669, -1.42262, 0.970925,-0.425234,-0.377995
RF02035#CP020778.1/1338870-1339010#subopt0,  6.99671,-0.133307, -1.15812,    1.138,  0.83511, -1.05021, 0.861317
RF02035#CP020778.1/1338870-1339010#subopt1,  6.94763,-0.135877, -1.14013,  1.21542,  0.81748,-0.954266, 0.667601
RF02035#CP020778.1/1338870-1339010#subopt2,  6.89364,-0.161362, -1.24986,  1.29047, 0.706343,-0.962905, 0.741839
RF02035#CP020778.1/1338870-1339010#subopt3,   6.85892, -0.200884,  -1.21746, -0.545495,   0.93499,-0.0170418,   1.43672
RF02035#CP020778.1/1338870-1339010#subopt4,  6.83966,-0.158468, -1.30157,  1.34562,  1.11663,-0.573553, 0.773961
RF02035#NHLW01000073.1/8554-8694#subopt0,  7.87399,  1.29549, -1.51887, 0.342008,  1.34313,-0.876547,-0.661094
RF02035#NHLW01000073.1/8554-8694#subopt1,  7.93979,   1.2093, -1.56437, 0.522205,  1.36089,-0.903145,-0.613347
RF02035#NHLW01000073.1/8554-8694#subopt2,  7.80705,  1.48266, -1.98728,-0.663048,  1.54169, -1.06342,-0.744062
RF02035#NHLW01000073.1/8554-8694#subopt3,  7.88589,  1.29352, -1.56216, 0.343042,  1.31774,-0.896112,-0.692783
RF02035#NHLW01000073.1/8554-8694#subopt4,  7.95168,  1.20733, -1.60765, 0.523237,   1.3355, -0.92271,-0.645037
RF02035#LHBX01000012.1/906-766#subopt0,  7.39539, 0.239846,  -1.5826, 0.856214, 0.690839,-0.857251,    1.344
RF02035#LHBX01000012.1/906-766#subopt1,  7.45513, 0.411885, -1.45749, 0.921518, 0.740686,-0.743697,  1.18148
RF02035#LHBX01000012.1/906-766#subopt2,   7.4009, 0.377909, -1.60762, 0.953233, 0.524862,-0.817218,  1.20541
RF02035#LHBX01000012.1/906-766#subopt3, 7.47353, 0.28359,-1.40308,0.806784,0.921093,-1.29633,0.440147
RF02035#LHBX01000012.1/906-766#subopt4, 7.53327,0.455628,-1.27798,0.872087,0.970944,-1.18277,0.277622
RF03069#URS0000D67941_12908/1-181#subopt0,  7.96735,-0.821024,-0.756831,  2.16983,  1.65626, 0.248689,  1.39445
RF03069#URS0000D67941_12908/1-181#subopt1,   7.95226,  0.251299,   1.01751,   3.15121,   0.84197,-0.0546037,   1.67367
RF03069#URS0000D67941_12908/1-181#subopt2,  7.74947,0.0130798,   1.2528,  2.54697, 0.959982,-0.606259,  1.40195
RF03069#URS0000D67941_12908/1-181#subopt3,   7.69058,0.00959872,   1.17769,   2.53432,  0.802858, -0.699716,   1.36386
RF03069#URS0000D67941_12908/1-181#subopt4,  8.24995, 0.824813,  0.76014,  2.04136, 0.682639,-0.324477, 0.948072
RF03069#URS0000D6AAEC_12908/1-181#subopt0,  7.87725,-0.796549, 0.194966,  3.24377,  1.09985,  1.00015,  1.24606
RF03069#URS0000D6AAEC_12908/1-181#subopt1, 7.58309,-1.06401,0.309296, 2.58091, 1.05488,0.334375,0.933792
RF03069#URS0000D6AAEC_12908/1-181#subopt2,  8.18375,-0.561807,-0.067328,  2.23922, 0.932293, 0.122891, 0.557125
RF03069#URS0000D6AAEC_12908/1-181#subopt3, 7.62703,-1.02459, 0.37138, 2.55253, 1.24225,0.460598, 1.08485
RF03069#URS0000D6AAEC_12908/1-181#subopt4,  7.97199,-0.627188, 0.395938,  2.91463,  1.14719, 0.922727, 0.401975
RF03069#URS0000D6CA86_12908/1-179#subopt0,  8.35863, 0.364448, 0.433838,  1.82211, 0.281817, 0.561303,-0.877884
RF03069#URS0000D6CA86_12908/1-179#subopt1,   8.09965,   1.25465,   1.32615,   1.63648, -0.355912,-0.0275999, -0.432026
RF03069#URS0000D6CA86_12908/1-179#subopt2,   8.19563,   1.49085,  0.949016,  0.887342, -0.165348, -0.431271,-0.0714091
RF03069#URS0000D6CA86_12908/1-179#subopt3,  8.52028,  1.74112,  1.10498,   1.3954,-0.292174,-0.168512,-0.436797
RF03069#URS0000D6CA86_12908/1-179#subopt4,  8.25344,  1.51147, 0.923483, 0.760483,-0.216525,-0.112779, -0.50459
RF02969#JYHN01000092.1/137006-137114#subopt0,   4.9788, -2.74156,  1.82083, 0.841066,  1.07469, -1.01285,-0.484229
RF02969#JYHN01000092.1/137006-137114#subopt1,  4.96165, -2.61417,  1.67051, 0.559105,  1.32924, 0.168468,-0.912769
RF02969#JYHN01000092.1/137006-137114#subopt2,  4.99315, -2.52448,  1.94651, 0.821575,  1.50632,-0.691365,-0.916731
RF02969#JYHN01000092.1/137006-137114#subopt3,  4.97753,  -2.5303,  1.83571, 0.921367,  1.26929,-0.578048,-0.105028
RF02969#JYHN01000092.1/137006-137114#subopt4,  5.65405, -2.04436,  1.13652, 0.768702,    1.254, -1.75854,0.0703719
RF02969#URS0000D6A288_12908/1-113#subopt0,   6.0979, 0.150241, 0.959432,   1.0464, 0.219889,-0.751668, 0.376484
RF02969#URS0000D6A288_12908/1-113#subopt1,  6.13991, 0.125838,  1.06563, 0.867439,-0.356688, -0.45972, 0.640053
RF02969#URS0000D6A288_12908/1-113#subopt2,  5.33366,-0.612815,  1.32772,  1.54309,-0.049319, -1.88918,  0.46225
RF02969#URS0000D6A288_12908/1-113#subopt3,    5.39056,  -0.388333,    1.49603,    1.51227,   0.462284,   -1.52262,-0.00692539
RF02969#URS0000D6A288_12908/1-113#subopt4,  5.55761, -0.38645,  1.77965, 0.991818,-0.529747,  -1.4808, 0.194493
RF02969#URS0000D6BA7E_997894/1-109#subopt0,  5.20331, -1.58387, 0.136897,  1.81271, 0.417294, -0.94436,-0.183234
RF02969#URS0000D6BA7E_997894/1-109#subopt1,   5.23471,  -1.40915,-0.0491434,   1.60798,  0.737214, 0.0599592, -0.526409
RF02969#URS0000D6BA7E_997894/1-109#subopt2,  5.21766, -1.36679, 0.262559,  1.79321, 0.848916,-0.622877,-0.615738
RF02969#URS0000D6BA7E_997894/1-109#subopt3,  5.30699, -1.13449,  0.40295,  1.47569, 0.680588,-0.633144,-0.996178
RF02969#URS0000D6BA7E_997894/1-109#subopt4,  5.39676, -1.37525, 0.592959,  1.22528,-0.104697,-0.451807,-0.478475
RF03012#URS0000D67564_12908/1-53#subopt0,  4.57703,  1.11407,-0.891144, 0.899303, -1.97298, 0.285159,-0.548719
RF03012#URS0000D67564_12908/1-53#subopt1,  5.04098,  1.25168,-0.632418,   1.4801, -1.87276, 0.341677, -0.63518
RF03012#URS0000D67564_12908/1-53#subopt2,   3.26245,-0.0501503,  -0.38744,-0.0783414,  -1.71629,  0.212628,  0.204724
RF03012#URS0000D67564_12908/1-53#subopt3,  3.22278, 0.108709,-0.395937,0.0760582, -1.60643, 0.576494,-0.151918
RF03012#URS0000D67564_12908/1-53#subopt4,  2.86072, -1.26821,  1.40149,-0.958471,-0.140219,-0.256464, 0.399751
RF03012#URS0000D68259_12908/1-53#subopt0,   3.26245,-0.0501503,  -0.38744,-0.0783414,  -1.71629,  0.212628,  0.204724
RF03012#URS0000D68259_12908/1-53#subopt1,  3.22278, 0.108709,-0.395937,0.0760582, -1.60643, 0.576494,-0.151918
RF03012#URS0000D68259_12908/1-53#subopt2,  2.86072, -1.26821,  1.40149,-0.958471,-0.140219,-0.256464, 0.399751
RF03012#URS0000D68259_12908/1-53#subopt3,  2.45776,-0.348821,-0.317554, -1.15852, -1.15337,-0.126615, 0.421799
RF03012#URS0000D68259_12908/1-53#subopt4,  2.41809,-0.189963,-0.326052, -1.00412, -1.04351, 0.237253,0.0651558
RF03012#URS0000D6CA07_12908/1-53#subopt0,  4.08661, -1.04948, -2.09296,-0.858669,  1.01662, 0.186604,  1.37598
RF03012#URS0000D6CA07_12908/1-53#subopt1,   4.0444,-0.894079, -2.12801,-0.717071,  1.14065, 0.485765,    1.024
RF03012#URS0000D6CA07_12908/1-53#subopt2,  3.54107, -1.57917, -1.59823,-0.484309, 0.836859,-0.324922,  0.83725
RF03012#URS0000D6CA07_12908/1-53#subopt3,   3.49885,  -1.42377,  -1.63328,  -0.34272,  0.960892,-0.0257626,  0.485267
RF03012#URS0000D6CA07_12908/1-53#subopt4,  4.06558,  -1.2777, -2.18565,-0.909507, 0.825292, 0.688938, 0.869094
RF03086#MERK01000111.1/15947-15994#subopt0,   2.66104,  -2.44373, -0.153293, -0.216366,  0.129787,-0.0953864,   -1.0918
RF03086#URS0000D6C6FD_12908/1-48#subopt0,  3.63741, -1.51374,-0.802749,-0.874617, 0.200184,-0.705488, -0.76485
RF03086#URS0000D6C6FD_12908/1-48#subopt1,   3.5501, -1.56243,-0.846952,-0.963633,  0.18255,-0.233938, -1.42501
RF03086#URS0000D6C6FD_12908/1-48#subopt2,   2.66104,  -2.44373, -0.153293, -0.216366,  0.129787,-0.0953864,   -1.0918
RF03086#URS0000D6C6FD_12908/1-48#subopt3,  2.58819, -2.22389,0.0451438,-0.495327, 0.283153,-0.127338, -1.30827
RF03086#MERH01000121.1/1152-1105#subopt0,   2.66104,  -2.44373, -0.153293, -0.216366,  0.129787,-0.0953864,   -1.0918
RF03086#MERH01000121.1/1152-1105#subopt1,  2.58819, -2.22389,0.0451438,-0.495327, 0.283153,-0.127338, -1.30827
RF03032#URS0000D6BDAD_12908/1-71#subopt0,   3.87371,  -2.65745,  0.771758, -0.988755,  0.393252, 0.0752115,0.00804144
RF03032#URS0000D6BDAD_12908/1-71#subopt1,  3.87748,  -2.6185, 0.803972,-0.944773,  0.41464,0.0528077,0.0377954
RF03032#URS0000D6BDAD_12908/1-71#subopt2, 4.13422,-1.77086,  -0.286,-1.38219, 0.54926,0.694806,0.699948
RF03032#URS0000D6BDAD_12908/1-71#subopt3,  4.25819, -2.00026,-0.311568, -1.28163,  0.27607, 0.267034,-0.198348
RF03032#URS0000D6BDAD_12908/1-71#subopt4,  4.24991, -1.99083,-0.323446, -1.28153, 0.246895, 0.306908,-0.199931
RF03032#URS0000D6BDAD_1125977/1-71#subopt0,   3.87371,  -2.65745,  0.771758, -0.988755,  0.393252, 0.0752115,0.00804144
RF03032#URS0000D6BDAD_1125977/1-71#subopt1,  3.87748,  -2.6185, 0.803972,-0.944773,  0.41464,0.0528077,0.0377954
RF03032#URS0000D6BDAD_1125977/1-71#subopt2, 4.13422,-1.77086,  -0.286,-1.38219, 0.54926,0.694806,0.699948
RF03032#URS0000D6BDAD_1125977/1-71#subopt3,  4.25819, -2.00026,-0.311568, -1.28163,  0.27607, 0.267034,-0.198348
RF03032#URS0000D6BDAD_1125977/1-71#subopt4,  4.24991, -1.99083,-0.323446, -1.28153, 0.246895, 0.306908,-0.199931
RF03032#URS0000D6B2A9_12908/1-71#subopt0,  4.32108, -1.81021,-0.657578,-0.722792,   1.3693,-0.460227, 0.611018
RF01419#HQ693844.1/60190-60376#subopt0,  8.60103,  1.25415, -1.30168,-0.354576, 0.201125, -1.36094,-0.307314
RF01419#HQ693844.1/60190-60376#subopt1,  9.10101,  1.38955,-0.890098, 0.391432, 0.270539,-0.924808,-0.198353
RF01419#HQ693844.1/60190-60376#subopt2,  9.42476,  1.90843,-0.799301,  1.46535, 0.215858, -1.08799,-0.759403
RF01419#HQ693844.1/60190-60376#subopt3,  9.74344,  2.02539,-0.547963,  1.92265, 0.257409,-0.682874, -0.61554
RF01419#HQ693844.1/60190-60376#subopt4,   9.9626,  2.33289, -1.35342,  1.88906, 0.295164,-0.584944,-0.380295
RF01419#FAOM01272920.1/38332-38161#subopt0,  6.48507, 0.587015,  1.42836,  0.13529,-0.195938,-0.203221,-0.443909
RF01419#FAOM01272920.1/38332-38161#subopt1,  6.67254, 0.709527,  1.48863, 0.518731,-0.683519, 0.224373,-0.254413
RF01419#FAOM01272920.1/38332-38161#subopt2,  6.76833, 0.586169,  1.53999, 0.632217,-0.596411,-0.139221,-0.402889
RF01419#FAOM01272920.1/38332-38161#subopt3,  6.69406, 0.638642,  1.49797, 0.480733,-0.741685, 0.426278,-0.558442
RF01419#FAOM01272920.1/38332-38161#subopt4,  6.87942,  1.71115,0.0378443, 0.335981, -1.02478, 0.372211,-0.738813
RF01419#KQ976354.1/3187357-3187534#subopt0,  8.66655, 0.485978,-0.444839, 0.462847,   1.6069, -1.65762, 0.460825
RF01419#KQ976354.1/3187357-3187534#subopt1,  8.19886, 0.203872,-0.593893, -0.53386,   1.8779, -2.23154, 0.153467
RF01419#KQ976354.1/3187357-3187534#subopt2,  8.56131, 0.591306, -1.09613,-0.689867,  1.99717, -1.86034, 0.487552
RF01419#KQ976354.1/3187357-3187534#subopt3,   9.0458, 0.848906,-0.778283,  0.31491,  1.80354, -1.52558,  0.39364
RF01419#KQ976354.1/3187357-3187534#subopt4,  8.64848, 0.221925,-0.537237, 0.727224,  1.56438, -1.50159, 0.690572
RF03087#URS0000D69BFB_12908/1-608#subopt0,  14.2391,  4.17296,   2.2961,-0.530616,  3.16863,  1.02744, -1.46582
RF03087#URS0000D69BFB_12908/1-608#subopt1, 14.2315, 4.20642, 2.35495, -0.7367, 2.95526, 1.12586,-1.38535
RF03087#URS0000D69BFB_12908/1-608#subopt2,  14.2662,   4.3278,  2.29436,-0.827254,   3.3039,  1.27644, -1.45246
RF03087#URS0000D69BFB_12908/1-608#subopt3,  14.4357,  4.53518,  2.03969,-0.855782,  3.36192,   1.2135, -1.41267
RF03087#URS0000D69BFB_12908/1-608#subopt4, 14.2469, 4.32612, 2.30174, -1.0641, 3.03033, 1.30867,-1.44197
RF03087#URS0000D6603A_12908/1-599#subopt0,  13.8316,  3.96038,   3.4896,-0.688457,  1.43195,  2.63143,  0.91276
RF03087#URS0000D6603A_12908/1-599#subopt1,  13.8693,  3.97241,  3.44396,-0.577496,  1.58762,  2.40433, 0.922782
RF03087#URS0000D6603A_12908/1-599#subopt2,   13.908,  4.29788,  3.47395,-0.873067,  1.53428,  2.36958, 0.720229
RF03087#URS0000D6603A_12908/1-599#subopt3,  13.9352,  4.30375,  3.42974,-0.774637,  1.67553,  2.17164, 0.720727
RF03087#URS0000D6603A_12908/1-599#subopt4,  13.7199,  4.03591,  3.48523,-0.843964,  1.37687,  2.42103, 0.802049
RF03087#URS0000D6C17C_12908/1-599#subopt0, 14.1666, 4.49558, 3.03345,0.504092, 1.79445, 2.84068, 1.23607
RF03087#URS0000D6C17C_12908/1-599#subopt1, 14.1413,   4.426, 2.96564,0.399071, 1.75237,  2.9004,0.973143
RF03087#URS0000D6C17C_12908/1-599#subopt2,  14.1847,  4.28542,  3.02748,-0.168667,   2.0233,  2.86763,  1.31553
RF03087#URS0000D6C17C_12908/1-599#subopt3,  14.1536,  4.35355,  3.04229,-0.203033,    1.764,  2.81469,   1.4616
RF03087#URS0000D6C17C_12908/1-599#subopt4,  14.1646,  4.37456,  3.07107,-0.114075,   1.9749,  2.79376,  1.23621
RF01734#ALXI01000102.1/18602-18543#subopt0,   3.60856,-0.0926844, -0.483649,   1.33233,  -1.15653, -0.372561, -0.462495
RF01734#ALXI01000102.1/18602-18543#subopt1,  3.10596,-0.765736, 0.414567,  1.92169,-0.821368,-0.489264, 0.231836
RF01734#ALXI01000102.1/18602-18543#subopt2,  3.13968,-0.539186, 0.534048,  1.59986,-0.757501,-0.819605,-0.229371
RF01734#ALXI01000102.1/18602-18543#subopt3,  3.12361,0.0320986,-0.732358, 0.800303,-0.594213,-0.455065, 0.268604
RF01734#ALXI01000102.1/18602-18543#subopt4,  3.09286,0.0265634,-0.563446, 0.703026,-0.924052,-0.574049,-0.357645
RF01734#KB944507.1/1472202-1472268#subopt0,  4.48785,-0.875121, -1.71961, -0.91628, 0.235676, -0.60636, 0.212242
RF01734#KB944507.1/1472202-1472268#subopt1,   4.4075, -1.01269,  -1.5332,-0.875237,   0.2889,-0.906228, 0.286662
RF01734#KB944507.1/1472202-1472268#subopt2,  4.35948, -1.15375, -1.57444, -0.56946,  0.42952,-0.982162, 0.521228
RF01734#KB944507.1/1472202-1472268#subopt3,  4.47983,-0.888637, -1.66977,-0.826866, 0.113228,-0.741422, 0.281064
RF01734#KB944507.1/1472202-1472268#subopt4,    4.71759,    1.17694,   -2.20348, -0.0152342, -0.0629464,-0.00782786,    0.50932
RF01734#MGOG01000202.1/8032-8093#subopt0,   4.8925,-0.286856, -1.21004,-0.368151, -0.22409,  0.21566, -0.63733
RF01734#MGOG01000202.1/8032-8093#subopt1,  5.00408,-0.483203, -1.70834, 0.167455, 0.344709,-0.552256, -1.08174
RF01734#MGOG01000202.1/8032-8093#subopt2,  4.12365, -1.18824, -1.48166, -1.18776, 0.490394,-0.518019, -1.36706
RF01734#MGOG01000202.1/8032-8093#subopt3,  5.01118,-0.501751, -1.74767, 0.169466, 0.303285,-0.566198, -1.09448
RF01734#MGOG01000202.1/8032-8093#subopt4,  4.20641,-0.928074, -1.47312, -1.33738, 0.161692, 0.105886,-0.414704
RF03057#JTDN01000001.1/2084804-2084864#subopt0,  4.45457,  -1.7503, 0.397182,   2.5161,-0.874149, 0.958701, 0.321658
RF03057#JTDN01000001.1/2084804-2084864#subopt1,  4.36787,  -1.7521, 0.182172,  2.81357,-0.428199, 0.517275, 0.166897
RF03057#JTDN01000001.1/2084804-2084864#subopt2,   3.9123, -1.77705, 0.402525,  1.83095,-0.617861,   1.5037, 0.207484
RF03057#JTDN01000001.1/2084804-2084864#subopt3,   3.90006,   -1.7355,  0.177437,   2.21672,-0.0703876,  0.856708,  0.119853
RF03057#JTDN01000001.1/2084804-2084864#subopt4,  3.94725, -1.80269, 0.430622,  1.92595,-0.644458,  1.63354,0.0804092
RF03057#LMKV01000001.1/47195-47140#subopt0,  4.31745, -1.35084,-0.538931, 0.443747, 0.136368,  1.54821,-0.466255
RF03057#LMKV01000001.1/47195-47140#subopt1,   4.40931,  -1.36261, -0.476568,  0.481556,-0.0951448,   1.65049,  0.063029
RF03057#LMKV01000001.1/47195-47140#subopt2,  3.54401, -1.71723,-0.750315, -1.15148, 0.682547,  1.24056,-0.623758
RF03057#LMKV01000001.1/47195-47140#subopt3,   3.63586,  -1.72901, -0.687949,  -1.11367,  0.451034,   1.34284,-0.0944753
RF03057#LMKV01000001.1/47195-47140#subopt4,  3.51265, -1.82411,-0.901343,-0.927563,  0.75544, 0.964404,-0.644184
RF03057#URS0000D67145_438753/1-56#subopt0,  4.00245, -2.01395, 0.125902,  2.27168,0.0413332, 0.985956,0.0606311
RF03057#URS0000D67145_438753/1-56#subopt1,    3.9099,  -2.13615, 0.0245246,   2.19214, -0.247167,   1.44461,-0.0343381
RF03057#URS0000D67145_438753/1-56#subopt2,  3.41116, -2.33923,0.0157377,  1.22235, 0.393945, 0.702129, -0.12874
RF03057#URS0000D67145_438753/1-56#subopt3,  3.38844, -2.41602,-0.142282,  1.21285, 0.121828,  1.16735,-0.192804
RF03057#URS0000D67145_438753/1-56#subopt4,  3.32562, -2.38036, -0.13115,  1.39174, 0.420303, 0.376594,-0.134474
RF02925#URS0000D678AE_12908/1-52#subopt0,  3.36111, -2.27764, 0.153908, -0.10255,  1.31181,-0.574546,-0.120493
RF02925#URS0000D678AE_12908/1-52#subopt1,  3.54498, -1.69873, -1.17806,-0.505327, 0.812717,0.0943572,-0.348918
RF02925#URS0000D678AE_12908/1-52#subopt2,  3.48998, -1.76102, -1.05889, -0.50154, 0.925645,-0.181947,-0.315698
RF02925#URS0000D678AE_12908/1-52#subopt3,  3.52929, -1.65818, -1.21247,-0.550404, 0.796103,0.0363896,-0.306123
RF02925#URS0000D678AE_12908/1-52#subopt4,  2.52612, -2.17479,-0.493808, 0.153955, 0.673583,-0.240275,-0.220112
RF02925#URS0000D6C076_12908/1-53#subopt0,  2.47207, -2.30677,-0.346925,-0.406478, 0.195327, 0.415593, -0.12938
RF02925#URS0000D6C076_12908/1-53#subopt1,  2.47121, -2.31015,-0.337287,-0.485183, 0.427901, 0.316025,-0.813669
RF02925#URS0000D6C076_12908/1-53#subopt2,  2.48277, -2.46598,-0.417848,-0.305568, 0.300896, 0.326244,-0.747765
RF02925#URS0000D6C076_12908/1-53#subopt3,  3.47551, -1.70802,-0.953338,-0.951672, 0.532174, 0.314319,-0.975174
RF02925#URS0000D68336_12908/1-53#subopt0,  3.39616, -1.37929, -1.17073,-0.635036,  1.11465, 0.558383, 0.496983
RF02925#URS0000D68336_12908/1-53#subopt1,  3.49037, -1.61649, -1.64957,-0.397574,   1.0319, -0.33534, 0.398887
RF02925#URS0000D68336_12908/1-53#subopt2,  2.47207, -2.30677,-0.346925,-0.406478, 0.195327, 0.415593, -0.12938
RF02925#URS0000D68336_12908/1-53#subopt3,  2.47121, -2.31015,-0.337287,-0.485183, 0.427901, 0.316025,-0.813669
RF02925#URS0000D68336_12908/1-53#subopt4,  2.48277, -2.46598,-0.417848,-0.305568, 0.300896, 0.326244,-0.747765
RF01701#ALVZ01000161.1/23593-23517#subopt0,   3.79875,   -1.7254,-0.0345183,   1.95435, -0.634795, 0.0825275,  0.306131
RF01701#ALVZ01000161.1/23593-23517#subopt1,  3.18702, -1.88077,-0.122451,  1.14091,-0.477206,-0.195935, 0.162583
RF01701#ALVZ01000161.1/23593-23517#subopt2,   3.11169,  -1.92093, -0.337965,   1.50054,-0.0800348, -0.634587, 0.0403453
RF01701#ALVZ01000161.1/23593-23517#subopt3,  3.16921, -1.95033,-0.242239,   1.4089,-0.245426,-0.714049, 0.443261
RF01701#ALVZ01000161.1/23593-23517#subopt4,  2.15628,-0.658559, 0.259303,  1.22126, -0.80489,-0.594862, 0.234137
RF01701#BBWW01000001.1/2678460-2678388#subopt0,  4.19724, -1.15402, -1.96233, -1.02402,-0.275236,-0.180239, 0.690353
RF01701#BBWW01000001.1/2678460-2678388#subopt1,   4.1408, -1.26119,  -1.9292,-0.941488,-0.137952,-0.748459, 0.732402
RF01701#BBWW01000001.1/2678460-2678388#subopt2,  4.11977, -1.38262, -0.73725, 0.641164,-0.535832,-0.590491, 0.555346
RF01701#BBWW01000001.1/2678460-2678388#subopt3,  4.15887, -1.29118,-0.788511, 0.502648,-0.408665,-0.189782,-0.270172
RF01701#BBWW01000001.1/2678460-2678388#subopt4,  4.06518, -1.16083, -2.09869,-0.645139, 0.450097,-0.717182, 0.613398
RF01701#LATL02000310.1/27365-27432#subopt0,  4.01861, -1.24363, -1.08776,  1.39336,0.0886291,-0.461165, 0.291811
RF01701#LATL02000310.1/27365-27432#subopt1,  4.00977,  -1.2906, -1.12938,  1.37454,0.0388058,-0.520507, 0.297688
RF01701#LATL02000310.1/27365-27432#subopt2,   4.07673,  -1.24648,  -1.17893,   1.30545,-0.0715756, -0.334926,  0.195696
RF01701#LATL02000310.1/27365-27432#subopt3,  4.79392,-0.833206,  -1.7415, 0.811994, 0.076606, 0.264004, 0.985295
RF01701#LATL02000310.1/27365-27432#subopt4,   3.1317,0.0252917,-0.504415,  1.06963,-0.900469,-0.548445, 0.503808
RF03074#URS0000D6B40F_12908/1-93#subopt0,   5.41964, -0.765304, -0.595767, -0.547503,-0.0643195,   1.49109,  -1.42833
RF03074#URS0000D6B40F_12908/1-93#subopt1,  6.08068,-0.226797, -1.27093,-0.606319, 0.233546,  1.57892, -1.00172
RF03074#URS0000D6B40F_12908/1-93#subopt2,       6.1,-0.0933609,  -1.40936, -0.284288,  0.662938,   1.63743, -0.317982
RF03074#URS0000D6B40F_12908/1-93#subopt3,   4.89263,  -1.42866,-0.0308112,  0.108205,  0.164138,  0.723666,  -1.11937
RF03074#URS0000D6B40F_12908/1-93#subopt4,  5.53615,-0.712817,-0.693395,-0.131737, 0.405793,  1.12466,-0.838865
RF03074#AQQW01000002.1/8611-8703#subopt0,   5.41964, -0.765304, -0.595767, -0.547503,-0.0643195,   1.49109,  -1.42833
RF03074#AQQW01000002.1/8611-8703#subopt1,  6.08068,-0.226797, -1.27093,-0.606319, 0.233546,  1.57892, -1.00172
RF03074#AQQW01000002.1/8611-8703#subopt2,       6.1,-0.0933609,  -1.40936, -0.284288,  0.662938,   1.63743, -0.317982
RF03074#AQQW01000002.1/8611-8703#subopt3,   4.89263,  -1.42866,-0.0308112,  0.108205,  0.164138,  0.723666,  -1.11937
RF03074#AQQW01000002.1/8611-8703#subopt4,  5.53615,-0.712817,-0.693395,-0.131737, 0.405793,  1.12466,-0.838865
RF03074#URS0000D6C566_391595/1-93#subopt0,  6.04214,-0.213378, -1.46732,0.0383912,  1.01704,  1.19084,-0.116334
RF03074#URS0000D6C566_391595/1-93#subopt1,   5.5068, -1.08642,-0.402557,-0.593575,-0.192788,   1.7017, -0.84281
RF03074#URS0000D6C566_391595/1-93#subopt2,  5.43213,  -1.4427, 0.256399, 0.759537,-0.606084,  1.91028,-0.888146
RF03074#URS0000D6C566_391595/1-93#subopt3,   6.0608, -0.72142,-0.405051, 0.520153,-0.358318,  2.31449,-0.607843
RF03074#URS0000D6C566_391595/1-93#subopt4,   5.3916, -1.37048, 0.394652, 0.839863,-0.485846,  2.06519,-0.420811
RF00169#FRCM01000001.1/631866-631768#subopt0,  6.07012,  1.65161,-0.828119,  1.89013, -1.26875, -1.46491,-0.840904
RF00169#FRCM01000001.1/631866-631768#subopt1,  6.51948,  2.19586,   -1.816,   2.3406, -1.14544,-0.348252, 0.510102
RF00169#FRCM01000001.1/631866-631768#subopt2, 5.88087,  1.5407,-1.17964, 2.36561, -1.0693,-1.49941,0.179095
RF00169#FRCM01000001.1/631866-631768#subopt3,   6.30647,   2.00763,  -1.56877,    2.1798,  -1.12675,  -1.61321,-0.0444118
RF00169#FRCM01000001.1/631866-631768#subopt4,  6.65018,   2.3517, -1.91179,  2.06334,-0.979145, -1.30776, 0.204819
RF00169#KI530762.1/1263899-1263995#subopt0,  6.17205,  2.18131, -1.92637,  1.00634,-0.619679, -1.69983, -1.32593
RF00169#KI530762.1/1263899-1263995#subopt1,  6.56944,  1.71648,-0.832828,  1.08283,-0.396211, -1.74267, -1.34373
RF00169#KI530762.1/1263899-1263995#subopt2,  6.09583,  2.09108, -1.72436, 0.952427,-0.821789, -1.61373, -1.59594
RF00169#KI530762.1/1263899-1263995#subopt3,  6.38421,  2.35798,  -1.9628, 0.865979,-0.885817, -1.71572, -1.71276
RF00169#KI530762.1/1263899-1263995#subopt4,  6.15618,   2.1322, -2.02609, 0.967213,-0.596984, -1.81572, -1.22006
RF00169#MGSR01000112.1/3254-3156#subopt0,  5.85436,  1.58016,-0.597529,  1.82214, -1.14628, -1.56303,-0.315337
RF00169#MGSR01000112.1/3254-3156#subopt1,  5.89072,  1.79975,  -0.7331,  1.69712, -1.20041, -1.44413,-0.346676
RF00169#MGSR01000112.1/3254-3156#subopt2, 6.06873, 2.16366,-1.12423, 1.07828,-1.71708,-1.51973,-1.11585
RF00169#MGSR01000112.1/3254-3156#subopt3,  5.96828,  1.89555,-0.699238,  1.64493, -1.63091, -1.45753,-0.770202
RF00169#MGSR01000112.1/3254-3156#subopt4, 5.85924, 1.83354,-0.51212, 1.50397,-1.54364,-1.59209,-0.74901
RF03141#CP002453.1/701743-701712#subopt0,   2.6869,-0.370662,-0.217353, -1.56799,  -1.9907, 0.123461,0.0783676
RF03141#CP002453.1/701743-701712#subopt1,  2.63009,-0.545492, -0.39895, -1.12926, -1.73115, 0.262615, 0.621638
RF03141#CP002453.1/701743-701712#subopt2,  3.33898,-0.176347,-0.707305, 0.702609, -1.25578,-0.505004, 0.828986
RF03141#CP002453.1/701743-701712#subopt3,  2.94576,-0.827598, 0.619828,   1.1329, -1.92962, 0.660826, 0.839251
RF03141#CP002453.1/701743-701712#subopt4,  3.03737, -0.78361, 0.287084,   1.7275, -1.34381,-0.386591, 0.703265
RF03141#CP002534.1/2435971-2436002#subopt0,   2.6869,-0.370662,-0.217353, -1.56799,  -1.9907, 0.123461,0.0783676
RF03141#CP002534.1/2435971-2436002#subopt1,  2.63009,-0.545492, -0.39895, -1.12926, -1.73115, 0.262615, 0.621638
RF03141#CP002534.1/2435971-2436002#subopt2,  3.33898,-0.176347,-0.707305, 0.702609, -1.25578,-0.505004, 0.828986
RF03141#CP002534.1/2435971-2436002#subopt3,  2.94576,-0.827598, 0.619828,   1.1329, -1.92962, 0.660826, 0.839251
RF03141#CP002534.1/2435971-2436002#subopt4,  3.03737, -0.78361, 0.287084,   1.7275, -1.34381,-0.386591, 0.703265
RF03141#CP002999.1/713998-713967#subopt0,   2.6869,-0.370662,-0.217353, -1.56799,  -1.9907, 0.123461,0.0783676
RF03141#CP002999.1/713998-713967#subopt1,  2.63009,-0.545492, -0.39895, -1.12926, -1.73115, 0.262615, 0.621638
RF03141#CP002999.1/713998-713967#subopt2,  3.33898,-0.176347,-0.707305, 0.702609, -1.25578,-0.505004, 0.828986
RF03141#CP002999.1/713998-713967#subopt3,  2.94576,-0.827598, 0.619828,   1.1329, -1.92962, 0.660826, 0.839251
RF03141#CP002999.1/713998-713967#subopt4,  3.03737, -0.78361, 0.287084,   1.7275, -1.34381,-0.386591, 0.703265
RF03065#URS0000D6A397_12908/1-216#subopt0,  6.37662, -1.14387, 0.840041,0.0255627,-0.146502, 0.867697, -2.52332
RF03065#URS0000D6A397_12908/1-216#subopt1,    6.38329,   -1.07922,   0.923325, -0.0877924,-0.00587474,   0.874853,   -2.57663
RF03065#URS0000D6A397_12908/1-216#subopt2,  6.92546,-0.669635, 0.690196,-0.590612,-0.227203, 0.952793, -2.34005
RF03065#URS0000D6A397_12908/1-216#subopt3,  6.89288,-0.707113, 0.542495,-0.259649, 0.034563,  1.20397, -2.48429
RF03065#URS0000D6A397_12908/1-216#subopt4,   6.9202,-0.661836, 0.626824,-0.350556, 0.192261,  1.21997, -2.53803
RF03065#URS0000D68D65_12908/1-207#subopt0,   7.3836, -0.42999,  0.93661, 0.395928,-0.473916,  1.46451, -2.46365
RF03065#URS0000D68D65_12908/1-207#subopt1,  7.48219,-0.384883,  1.08163,  0.30136, -0.19414,   1.5489, -2.56931
RF03065#URS0000D68D65_12908/1-207#subopt2,  7.36729,-0.317738,  1.00928, 0.266492, -0.37328,  1.31633, -2.95435
RF03065#URS0000D68D65_12908/1-207#subopt3,  7.45455,-0.262019,  1.15372, 0.159625,-0.102859,  1.39587, -3.05977
RF03065#URS0000D68D65_12908/1-207#subopt4,  7.39127,-0.409328, 0.960204, 0.387076,-0.482008,  1.43162, -2.38102
RF03065#URS0000D66550_12908/1-216#subopt0,  9.28557,  2.66925, 0.614401,-0.448331, 0.355467, -1.43931,-0.682927
RF03065#URS0000D66550_12908/1-216#subopt1,  9.00158,  2.49613, 0.447405,-0.955253, 0.402368, -1.46579,-0.723898
RF03065#URS0000D66550_12908/1-216#subopt2,  8.99275,  3.10024,-0.208683, 0.196235,-0.277153, -1.29005, -1.01973
RF03065#URS0000D66550_12908/1-216#subopt3,   8.46956,   2.81043, -0.149043,-0.0768975, -0.448491,  -1.33275, -0.857597
RF03065#URS0000D66550_12908/1-216#subopt4,  8.85654,  3.09547,-0.703749,-0.449518,-0.405887, -1.47646, -0.89069
RF02975#URS0000D67C49_12908/1-48#subopt0,  4.15812,   -2.432, 0.785211, 0.377615,-0.632085, 0.289437, 0.624186
RF02975#URS0000D67C49_12908/1-48#subopt1,  4.14583, -2.14979,   1.0389, 0.110709,-0.543472, 0.268368, 0.305867
RF02975#URS0000D67C49_12908/1-48#subopt2, 3.48651,-2.37879,0.340073,0.523369,-1.03317,0.711608,0.511602
RF02975#URS0000D67C49_12908/1-48#subopt3,   4.44383,  -1.76603,  0.101891,  -1.45192,0.00709573,  0.278348,  -1.05137
RF02975#URS0000D67C49_12908/1-48#subopt4,   4.22404,  -2.26614,  0.973602,  0.344557,-0.0796353,  0.444331,  -0.41349
RF02975#URS0000D6C04C_12908/1-48#subopt0,  4.15812,   -2.432, 0.785211, 0.377615,-0.632085, 0.289437, 0.624186
RF02975#URS0000D6C04C_12908/1-48#subopt1,  4.14583, -2.14979,   1.0389, 0.110709,-0.543472, 0.268368, 0.305867
RF02975#URS0000D6C04C_12908/1-48#subopt2, 3.48651,-2.37879,0.340073,0.523369,-1.03317,0.711608,0.511602
RF02975#URS0000D6C04C_12908/1-48#subopt3,   4.44383,  -1.76603,  0.101891,  -1.45192,0.00709573,  0.278348,  -1.05137
RF02975#URS0000D6C04C_12908/1-48#subopt4,   4.22404,  -2.26614,  0.973602,  0.344557,-0.0796353,  0.444331,  -0.41349
RF02975#URS0000D6C04C_1235800/1-48#subopt0,  4.15812,   -2.432, 0.785211, 0.377615,-0.632085, 0.289437, 0.624186
RF02975#URS0000D6C04C_1235800/1-48#subopt1,  4.14583, -2.14979,   1.0389, 0.110709,-0.543472, 0.268368, 0.305867
RF02975#URS0000D6C04C_1235800/1-48#subopt2, 3.48651,-2.37879,0.340073,0.523369,-1.03317,0.711608,0.511602
RF02975#URS0000D6C04C_1235800/1-48#subopt3,   4.44383,  -1.76603,  0.101891,  -1.45192,0.00709573,  0.278348,  -1.05137
RF02975#URS0000D6C04C_1235800/1-48#subopt4,   4.22404,  -2.26614,  0.973602,  0.344557,-0.0796353,  0.444331,  -0.41349
RF02999#URS0000D67576_1163398/1-93#subopt0,  4.87833,-0.246113, 0.511371, -2.84654,  -1.0568,-0.250843, 0.345515
RF02999#URS0000D67576_1163398/1-93#subopt1,  5.39356, 0.376751, 0.193305, -3.02954,-0.742245, 0.216835, 0.456089
RF02999#URS0000D67576_1163398/1-93#subopt2,   5.1614, 0.367746, 0.475871, -1.19422, -1.75214, 0.105852,-0.179771
RF02999#URS0000D67576_1163398/1-93#subopt3,   4.45519, -0.104858,  0.375299,  -2.66673,  -1.14286, -0.335253,-0.0855327
RF02999#URS0000D67576_1163398/1-93#subopt4,   5.70967,   1.02616,  0.135943,  -1.38184,  -1.41617,  0.672817,-0.0110871
RF02999#URS0000D69975_1388763/1-93#subopt0,  4.48464,-0.317083, 0.292259,   -2.427,-0.879204,-0.393044,  0.21577
RF02999#URS0000D69975_1388763/1-93#subopt1,  4.47912,-0.257186,  1.35583, -0.90265, -1.88522, -0.39842,-0.325458
RF02999#URS0000D69975_1388763/1-93#subopt2,  3.67607,-0.718578,  1.06476, -2.24471, -1.32963, -0.76478,-0.157044
RF02999#URS0000D69975_1388763/1-93#subopt3, 5.15725,0.441856,0.431057,-1.14618,-1.53011,0.398851,0.205925
RF02999#URS0000D69975_1388763/1-93#subopt4,   4.42224,-0.0462762,  0.297657,  -2.58269, -0.917036,-0.0446365,    0.3756
RF02999#URS0000D6C9F9_384676/1-93#subopt0,  4.48464,-0.317083, 0.292259,   -2.427,-0.879204,-0.393044,  0.21577
RF02999#URS0000D6C9F9_384676/1-93#subopt1,  4.47912,-0.257186,  1.35583, -0.90265, -1.88522, -0.39842,-0.325458
RF02999#URS0000D6C9F9_384676/1-93#subopt2,  3.67607,-0.718578,  1.06476, -2.24471, -1.32963, -0.76478,-0.157044
RF02999#URS0000D6C9F9_384676/1-93#subopt3, 5.15725,0.441856,0.431057,-1.14618,-1.53011,0.398851,0.205925
RF02999#URS0000D6C9F9_384676/1-93#subopt4,   4.42224,-0.0462762,  0.297657,  -2.58269, -0.917036,-0.0446365,    0.3756
